{
  "strategy": "state_region",
  "n_full": 9810,
  "n_subset": 190,
  "removal_frac": 0.1,
  "divergence": {
    "mmd": 0.04898299290808017,
    "sliced_w2": 1.133012147589719,
    "jsd": 0.08729948539979669,
    "kl_pq": 0.6916099802177288,
    "kl_qp": 0.2204242377023813,
    "kl_sym": 0.45601710896005504,
    "w1_mean": 0.13650857580436979,
    "w2_mean": 0.9393460628606437,
    "w1_per_dim": [
      0.12078061701657296,
      0.19628895328574225,
      0.1722306795433295,
      0.15692113980739245,
      0.03632148936881184
    ],
    "w2_per_dim": [
      0.9061845881414293,
      1.02789458215161,
      1.2456876704217092,
      1.0037133821681123,
      0.5132500914203573
    ],
    "kl_pq_per_dim": [
      1.7830144189785904,
      0.6978618226516999,
      0.18945033890461602,
      0.6956831730560407,
      0.09204014749769711
    ],
    "kl_qp_per_dim": [
      0.27147612076705835,
      0.31942897118066776,
      0.17039304215864953,
      0.23812878329355056,
      0.10269427111198022
    ],
    "mean_shift": 0.031273700296878815,
    "std_ratio": 0.6132758259773254
  },
  "correlation": {
    "pearson_per_dim": [
      0.005619697937255162,
      0.09381491546628781,
      0.12905273599831582,
      0.031089833122805187,
      -0.1368724267653575
    ],
    "pearson_mean_abs": 0.07928992185800429,
    "pearson_min": -0.1368724267653575,
    "cca": {
      "canonical_correlations": [
        0.30518063938150636,
        0.18652225812945034,
        0.17077981720217505,
        0.11475005450162658,
        0.06590740525530775
      ],
      "mean_canonical_corr": 0.16862803489401323,
      "frac_above_half": 0.0,
      "n_components": 5
    },
    "mutual_information": 0.0,
    "sliced_w2_noise": 0.29814111095622864,
    "w1_noise_mean": 0.22684008674061928,
    "w2_noise_mean": 0.2919622356545644,
    "w1_noise_per_dim": [
      0.24004648874795653,
      0.2123374554157061,
      0.26803832004876127,
      0.1892946155970046,
      0.2244835538936681
    ],
    "w2_noise_per_dim": [
      0.3070245736467213,
      0.27101868318561984,
      0.33940574660852785,
      0.24072744754917347,
      0.30163472728277946
    ],
    "kl_noise_sym": 0.15364434800615537,
    "kl_noise_pq": 0.21967985127594752,
    "kl_noise_qp": 0.08760884473636318,
    "kl_noise_pq_per_dim": [
      0.2827294781349815,
      0.14914123337648305,
      0.2516406620941839,
      0.15165724510824882,
      0.2632306376658403
    ],
    "kl_noise_qp_per_dim": [
      0.11085763882132663,
      0.09424613906777901,
      0.07192922656259665,
      0.06670674378295073,
      0.09430447544716286
    ],
    "ks_stat_zprime": 0.09694698686178806,
    "ks_pval_zprime": 3.184071408585014e-08
  }
}