{
  "strategy": "quality",
  "n_full": 1000,
  "n_subset": 9000,
  "removal_frac": 0.9,
  "divergence": {
    "mmd": 0.0005631852855306763,
    "sliced_w2": 1.143054666037048,
    "jsd": 0.0040307535651525825,
    "kl_pq": 0.033062572979466284,
    "kl_qp": 0.020085134097474356,
    "kl_sym": 0.026573853538470325,
    "w1_mean": 0.027419107563379737,
    "w2_mean": 1.096815266455197,
    "w1_per_dim": [
      0.022632766342721874,
      0.021707563091121197,
      0.04481469785991228,
      0.01241742128113078,
      0.01492217999810559,
      0.053909605787756554,
      0.008985660138591712,
      0.011004187396960328,
      0.011698761028263506,
      0.04416248286300753,
      0.02010340773769552,
      0.022543792290069788,
      0.021338235271189155,
      0.03204906465759915,
      0.017427574470173568,
      0.07104114771642102,
      0.04749557835629417,
      0.01567897160118446,
      0.02481701328310494,
      0.02952883546054363,
      0.027522312199127753
    ],
    "w2_per_dim": [
      1.1932653070720094,
      1.1701084208492374,
      0.9485007715065218,
      1.0190166340209774,
      0.8568882156910088,
      1.1998550920433595,
      1.4873066543932267,
      1.1281430345043595,
      1.0791030300196387,
      1.1053835094054143,
      0.8745498124898101,
      1.1973383548209608,
      1.290138472559153,
      1.3472541001342955,
      0.9836752222790128,
      1.1346239904067563,
      1.0556573010818664,
      1.3157908896800237,
      0.7767254039185338,
      0.930742181874174,
      0.9390541968088002
    ],
    "kl_pq_per_dim": [
      0.02247850497571528,
      0.030572161987043624,
      0.03144046987575648,
      0.03523535063021738,
      0.0327683001422227,
      0.0438209769811624,
      0.04753610348414389,
      0.030750206908575647,
      0.039288475553959014,
      0.02785555130202383,
      0.029832329290739465,
      0.030481369810700047,
      0.031044077787605255,
      0.04652268036276421,
      0.04227318609874023,
      0.03267212381447598,
      0.02875864426293466,
      0.03525859488039315,
      0.025652369327189225,
      0.025436735312790934,
      0.02463581977963873
    ],
    "kl_qp_per_dim": [
      0.014274124571790659,
      0.016966210015940404,
      0.01881821125055925,
      0.019517279213702526,
      0.020615526334974946,
      0.02552234511169518,
      0.02935464427317379,
      0.01728410785229629,
      0.023157209285992124,
      0.017358507881679985,
      0.017980406100626938,
      0.019465980486757985,
      0.02055804447479239,
      0.029020898172010208,
      0.023338221037757408,
      0.021648100192537004,
      0.018385017908779697,
      0.020065959044402226,
      0.01620548499201447,
      0.01552628209515609,
      0.016725255750321896
    ],
    "mean_shift": 0.023370858281850815,
    "std_ratio": 1.0096895694732666
  },
  "correlation": {
    "pearson_per_dim": [
      -0.0019033542673543434,
      -0.004072421870197365,
      -0.005364584508137783,
      0.007877795193682547,
      -0.0070535356842992515,
      -0.006470892614274295,
      -0.004140435631956621,
      0.004035226153877132,
      0.013992545582567333,
      0.0019475186759194357,
      -0.0044041889346350905,
      0.010444659427577059,
      0.008405724595462415,
      0.004945941813265523,
      -0.005069038654458499,
      0.005599076632013634,
      -0.022703952852972515,
      -0.02147649411265377,
      -0.0033137556244866636,
      -0.0025904359792170216,
      -0.0024441988484970954
    ],
    "pearson_mean_abs": 0.007059798936071685,
    "pearson_min": -0.022703952852972515,
    "cca": {
      "canonical_correlations": [
        0.08784659330536715,
        0.07861647504872024,
        0.07298981628809222,
        0.07062555455333934,
        0.06352983419555905,
        0.06143904398248262,
        0.05893004603112135,
        0.05002643628890443,
        0.04682486843843267,
        0.0458947981490003,
        0.039897801781655313,
        0.030696343732646764,
        0.027672405180382754,
        0.027080870799445905,
        0.02150899614361144,
        0.018917768670497607,
        0.01688595950732219,
        0.01154530321482101,
        0.005523927872475459,
        0.004370199722008209,
        0.0013822673001893152
      ],
      "mean_canonical_corr": 0.04010501477171787,
      "frac_above_half": 0.0,
      "n_components": 21
    },
    "mutual_information": 0.0,
    "sliced_w2_noise": 0.12497603590923846,
    "w1_noise_mean": 0.10278480827569692,
    "w2_noise_mean": 0.1184314059093398,
    "w1_noise_per_dim": [
      0.03989381520610832,
      0.04029658205465238,
      0.1313553057971747,
      0.07054663619060171,
      0.14862037320295993,
      0.07804644631662001,
      0.22704650123243642,
      0.06043097609193905,
      0.07843070711343735,
      0.06087797037614898,
      0.055498762786592125,
      0.07366412850386561,
      0.08194509997874737,
      0.09505910810886417,
      0.08773524141786523,
      0.0645775676570144,
      0.05858970090837749,
      0.08856754438298288,
      0.23574252460967465,
      0.11775070685301615,
      0.2638052750005558
    ],
    "w2_noise_per_dim": [
      0.052820108494039175,
      0.052181779780174874,
      0.14075097477029283,
      0.086004255135027,
      0.16978078818280828,
      0.09931892459664454,
      0.2440815025936724,
      0.0745126457063385,
      0.10203962555301124,
      0.07326040866918739,
      0.07241048853842638,
      0.08306106318212858,
      0.1002106408402333,
      0.1221025268540585,
      0.11179994295762781,
      0.07837148152089343,
      0.07210400813592169,
      0.10708168492245594,
      0.24718174908387158,
      0.12755196895096071,
      0.27043295562836167
    ],
    "kl_noise_sym": 0.019186767546236945,
    "kl_noise_pq": 0.019155708525100484,
    "kl_noise_qp": 0.019217826567373395,
    "kl_noise_pq_per_dim": [
      0.00641457988312058,
      0.0051077282654858076,
      0.018559806896476995,
      0.00990676073470453,
      0.028935415620580027,
      0.014112761052645924,
      0.05737608927781155,
      0.009664547334871825,
      0.017571003124853296,
      0.00830666676238033,
      0.010597084059286898,
      0.012812837797442005,
      0.015069923362906905,
      0.029782119600927033,
      0.02046452363343066,
      0.010714563596965055,
      0.01088746420754775,
      0.018069776878524672,
      0.041141437597207495,
      0.015027000981062584,
      0.04174778835887821
    ],
    "kl_noise_qp_per_dim": [
      0.006861818127959732,
      0.004547226874228828,
      0.018227877939709612,
      0.009342345840293361,
      0.03162202228562287,
      0.014849359052487307,
      0.061651097373652486,
      0.009770279696573675,
      0.016461595536566398,
      0.006449356393615838,
      0.008817623247121114,
      0.014365194173140694,
      0.014333465389780826,
      0.028156406050400203,
      0.01911264812586078,
      0.011021820004615872,
      0.010360645460999423,
      0.01801265839206058,
      0.04353064827998557,
      0.013028566654153723,
      0.043051703016012466
    ],
    "ks_stat_zprime": 0.02626475596365546,
    "ks_pval_zprime": 1.0720020744007427e-113
  }
}