{
  "strategy": "state_region",
  "n_full": 6340,
  "n_subset": 3660,
  "removal_frac": 0.6,
  "divergence": {
    "mmd": 0.01253297850242685,
    "sliced_w2": 0.34573788531175836,
    "jsd": 0.018490576146396782,
    "kl_pq": 0.07148441977673849,
    "kl_qp": 0.06439260616011462,
    "kl_sym": 0.06793851296842655,
    "w1_mean": 0.07853745199496708,
    "w2_mean": 0.3568875744478834,
    "w1_per_dim": [
      0.07504644191843454,
      0.1244147012497648,
      0.07831955321216959,
      0.09853388644031076,
      0.0163726771541557
    ],
    "w2_per_dim": [
      0.2307880969618895,
      0.3582199357019162,
      0.6532967989257883,
      0.31522815916656144,
      0.22690488148326152
    ],
    "kl_pq_per_dim": [
      0.08865760953920991,
      0.1191068247659404,
      0.03716631754884195,
      0.09211516282539738,
      0.020376184204302816
    ],
    "kl_qp_per_dim": [
      0.0740281312586798,
      0.10694757093251453,
      0.03590701842725153,
      0.082152498901806,
      0.022927811280321224
    ],
    "mean_shift": 0.019194040447473526,
    "std_ratio": 0.8306832313537598
  },
  "correlation": {
    "pearson_per_dim": [
      0.005201557617784803,
      0.02814278297678462,
      0.006046133398102999,
      0.01202674089263699,
      0.012110112111437497
    ],
    "pearson_mean_abs": 0.01270546539934938,
    "pearson_min": 0.005201557617784803,
    "cca": {
      "canonical_correlations": [
        0.05496704580930923,
        0.02961927807047286,
        0.017855883962026465,
        0.006160221253806157,
        0.0007527911150829922
      ],
      "mean_canonical_corr": 0.02187104404213954,
      "frac_above_half": 0.0,
      "n_components": 5
    },
    "mutual_information": 0.0,
    "sliced_w2_noise": 0.2513503812819936,
    "w1_noise_mean": 0.20564424210032728,
    "w2_noise_mean": 0.25780691043684156,
    "w1_noise_per_dim": [
      0.24221734943208215,
      0.16837033912891913,
      0.15978789411240593,
      0.1734860329746582,
      0.28435959485357104
    ],
    "w2_noise_per_dim": [
      0.30023286236886276,
      0.2197317185536641,
      0.195391181286711,
      0.22194665448544587,
      0.35173213548952414
    ],
    "kl_noise_sym": 0.1074060830020082,
    "kl_noise_pq": 0.1357908863938711,
    "kl_noise_qp": 0.07902127961014528,
    "kl_noise_pq_per_dim": [
      0.1959419337310585,
      0.08358326478749518,
      0.06993870745223119,
      0.1037161977297799,
      0.2257743282687908
    ],
    "kl_noise_qp_per_dim": [
      0.10252269915523862,
      0.05895970506152265,
      0.05669672356015386,
      0.05454851050497702,
      0.12237875976883429
    ],
    "ks_stat_zprime": 0.07011731486474536,
    "ks_pval_zprime": 1.1178658570148035e-78
  }
}