{
  "strategy": "state_region",
  "n_full": 9487,
  "n_subset": 513,
  "removal_frac": 0.2,
  "divergence": {
    "mmd": 0.0014978596634973584,
    "sliced_w2": 1.4045024590260338,
    "jsd": 0.01013130935839766,
    "kl_pq": 0.04093854572004697,
    "kl_qp": 0.07654749951111449,
    "kl_sym": 0.05874302261558073,
    "w1_mean": 0.052199937812524175,
    "w2_mean": 1.2230935408047074,
    "w1_per_dim": [
      0.01712223775844585,
      0.024639590316680133,
      0.05988888925387656,
      0.12166620803445843,
      0.02092539478574918,
      0.0522222965209597,
      0.09849333650660647,
      0.022641549323417047
    ],
    "w2_per_dim": [
      1.174140538761735,
      0.9410985596340575,
      1.3653757137648979,
      1.1639700673838282,
      1.2344943542602038,
      1.282017983846657,
      1.2059569850087644,
      1.4176941237775154
    ],
    "kl_pq_per_dim": [
      0.0425911798556407,
      0.034090478466614414,
      0.043483332486747565,
      0.05657788564321975,
      0.04097856559000229,
      0.030560377774251753,
      0.05244481174621215,
      0.026781734197687174
    ],
    "kl_qp_per_dim": [
      0.07553950080444394,
      0.07836181718448035,
      0.09313225495082852,
      0.09308508071639623,
      0.07754304349310696,
      0.06322868270146967,
      0.07938141302508767,
      0.052108203213102625
    ],
    "mean_shift": 0.0461769700050354,
    "std_ratio": 1.0080119371414185
  },
  "correlation": {
    "pearson_per_dim": [
      0.022816608397108414,
      0.0064249122643007806,
      0.06568289963794935,
      0.052616671360148144,
      0.0344312726505879,
      0.017662619020021995,
      -0.09162084496597567,
      -0.02861830674884851
    ],
    "pearson_mean_abs": 0.0399842668806176,
    "pearson_min": -0.09162084496597567,
    "cca": {
      "canonical_correlations": [
        0.20816311023369669,
        0.191055004136357,
        0.15821877131272596,
        0.1248846840195728,
        0.11533126142942299,
        0.07687459793749897,
        0.0359888613436137,
        0.014588945486630986
      ],
      "mean_canonical_corr": 0.11563815448743989,
      "frac_above_half": 0.0,
      "n_components": 8
    },
    "mutual_information": 0.0,
    "sliced_w2_noise": 0.14020534342488591,
    "w1_noise_mean": 0.11382813189093338,
    "w2_noise_mean": 0.14360588010911862,
    "w1_noise_per_dim": [
      0.11543067434909765,
      0.097110854119578,
      0.1084117398059021,
      0.12090170748544754,
      0.06976972910717172,
      0.05269538778838358,
      0.09925471964568178,
      0.24705024282620464
    ],
    "w2_noise_per_dim": [
      0.1504214229232444,
      0.12847893567882882,
      0.14324658558966494,
      0.15060706096168625,
      0.11702567470583519,
      0.07837047708518516,
      0.1195925348382574,
      0.2611043490902469
    ],
    "kl_noise_sym": 0.024227537810028947,
    "kl_noise_pq": 0.02598292954290493,
    "kl_noise_qp": 0.02247214607715297,
    "kl_noise_pq_per_dim": [
      0.02712454172484887,
      0.028767576427787815,
      0.024504199876777828,
      0.017919718620991607,
      0.030285757744057555,
      0.010153941125683566,
      0.022157559885515855,
      0.04695014093757634
    ],
    "kl_noise_qp_per_dim": [
      0.02737354081711317,
      0.021002505965523208,
      0.023027456648291793,
      0.018438800245547005,
      0.02080009862925669,
      0.008184311162167071,
      0.01745327914103068,
      0.04349717600829414
    ],
    "ks_stat_zprime": 0.027990891950770314,
    "ks_pval_zprime": 0.0031600244724142843
  }
}