{
  "strategy": "state_region",
  "n_full": 7364,
  "n_subset": 2636,
  "removal_frac": 0.5,
  "divergence": {
    "mmd": 0.019551254920520456,
    "sliced_w2": 0.5039825116835417,
    "jsd": 0.025355873104827054,
    "kl_pq": 0.10034004707292965,
    "kl_qp": 0.08717214911331492,
    "kl_sym": 0.09375609809312227,
    "w1_mean": 0.09088106914072513,
    "w2_mean": 0.48796101074944875,
    "w1_per_dim": [
      0.08499379914529961,
      0.14786427539101266,
      0.08779552549418747,
      0.1128990849036099,
      0.020852660769516022
    ],
    "w2_per_dim": [
      0.33312177658997694,
      0.4898467546182617,
      0.8606660220159188,
      0.4386011195251114,
      0.317569380997975
    ],
    "kl_pq_per_dim": [
      0.12058950902503422,
      0.1716008324076183,
      0.04744988777993181,
      0.1294547017560325,
      0.03260530439603143
    ],
    "kl_qp_per_dim": [
      0.0960651841231707,
      0.14667105241356854,
      0.04531238085699889,
      0.11065013744425278,
      0.037161990728583665
    ],
    "mean_shift": 0.019718043506145477,
    "std_ratio": 0.7919272184371948
  },
  "correlation": {
    "pearson_per_dim": [
      0.010540377002923538,
      0.03228135470619708,
      0.019197435352460355,
      0.022439400907031608,
      0.018526964272808498
    ],
    "pearson_mean_abs": 0.02059710644828422,
    "pearson_min": 0.010540377002923538,
    "cca": {
      "canonical_correlations": [
        0.076679985323093,
        0.04845094813133819,
        0.03218592785668103,
        0.019444905796478,
        0.0049473125547068566
      ],
      "mean_canonical_corr": 0.036341815932459415,
      "frac_above_half": 0.0,
      "n_components": 5
    },
    "mutual_information": 0.0,
    "sliced_w2_noise": 0.2596551495850274,
    "w1_noise_mean": 0.2130843164549776,
    "w2_noise_mean": 0.26534203724135974,
    "w1_noise_per_dim": [
      0.25199729029807705,
      0.17893650677107764,
      0.17317935294689052,
      0.180374203770148,
      0.28093422848869465
    ],
    "w2_noise_per_dim": [
      0.31046094860904894,
      0.22771707988202491,
      0.20731220888886012,
      0.2313796469280806,
      0.34984030189878423
    ],
    "kl_noise_sym": 0.11273321170670018,
    "kl_noise_pq": 0.1443464854405717,
    "kl_noise_qp": 0.08111993797282872,
    "kl_noise_pq_per_dim": [
      0.21745108873553023,
      0.08726450727724816,
      0.07548931226627337,
      0.12705787367334279,
      0.2144696452504638
    ],
    "kl_noise_qp_per_dim": [
      0.11021795480512653,
      0.06066834847951939,
      0.05886030354200411,
      0.058409593062303526,
      0.11744348997519005
    ],
    "ks_stat_zprime": 0.07669907062981415,
    "ks_pval_zprime": 7.012882882557235e-68
  }
}