{
  "strategy": "state_region",
  "n_full": 4885,
  "n_subset": 5115,
  "removal_frac": 0.7,
  "divergence": {
    "mmd": 0.0005037280743698247,
    "sliced_w2": 0.10794517660355434,
    "jsd": 0.0017532570533713256,
    "kl_pq": 0.002267003313210141,
    "kl_qp": 0.0022362854013633186,
    "kl_sym": 0.00225164435728673,
    "w1_mean": 0.0250582383805094,
    "w2_mean": 0.06830418855214748,
    "w1_per_dim": [
      0.02806598527230682,
      0.02267854859965412,
      0.013253217651195337,
      0.03974227718247779,
      0.04162193232105873,
      0.02141828032817064,
      0.00831628028549956,
      0.02514936852008574,
      0.037921367806675835,
      0.012364784234997381,
      0.015234090101778156,
      0.014463987182036064,
      0.0456932865374702,
      0.07401179387506301,
      0.01824078691902722,
      0.025549856725724046,
      0.022626057279865816,
      0.023402989456130494,
      0.015142242503962304,
      0.013706524820673943,
      0.007619348386844241
    ],
    "w2_per_dim": [
      0.07873718793631419,
      0.07345729886097012,
      0.07962944607845736,
      0.03878216280811615,
      0.06378130037704091,
      0.029455457469296176,
      0.031125038210612462,
      0.08286930828127248,
      0.1045269033137421,
      0.044398536742616075,
      0.07763167165765962,
      0.06703091887807525,
      0.0486662041163786,
      0.15481079283807175,
      0.058708694950972876,
      0.07859303846807807,
      0.05513175354946248,
      0.059689654736941176,
      0.09217491244658305,
      0.0850803294720631,
      0.030107348402373127
    ],
    "kl_pq_per_dim": [
      0.0032964165653758277,
      0.0012783463825533498,
      0.0010931278437967002,
      0.0031567663753159537,
      0.0034413119337045363,
      0.0009492775409656075,
      0.0006836622576462319,
      0.001751590849070745,
      0.004445710421143612,
      0.0004133371688696298,
      0.0009632310972684513,
      0.0015906931818821714,
      0.00530847791921683,
      0.005670819508984161,
      0.0009881713306676941,
      0.0020744779611092685,
      0.0026792735711522325,
      0.002684381812268981,
      0.002350708246523156,
      0.0013284601195869793,
      0.001458827490310846
    ],
    "kl_qp_per_dim": [
      0.003187470065997171,
      0.0012661311711210724,
      0.0010827000103152077,
      0.0032046116872740463,
      0.003405803580692153,
      0.0009427556913615982,
      0.0006812315029864047,
      0.0017616213056254014,
      0.004367565400872485,
      0.0004116004084840988,
      0.0009703259493725634,
      0.00159040226895385,
      0.005119703554456408,
      0.005634149524724311,
      0.0009897957595416257,
      0.002036799560498938,
      0.0026384334716243463,
      0.0026851444637971175,
      0.002318587572558481,
      0.0013032738275889754,
      0.0013638866507834323
    ],
    "mean_shift": 0.02214670181274414,
    "std_ratio": 0.9964616894721985
  },
  "correlation": {
    "pearson_per_dim": [
      -0.013170626494456751,
      0.012472114633809562,
      0.0006512369593029961,
      -0.0001852080847739482,
      -0.005613095793033924,
      0.002888752055720514,
      0.006629876973141026,
      0.005118558422333038,
      0.013729965535359141,
      0.0027139757686877874,
      0.0017919607865005923,
      -0.0029492083830812226,
      0.003958735217294313,
      -0.0003325287583511798,
      -0.02071761145324781,
      0.017765203351141172,
      -0.026060607533640933,
      -0.033451393997537715,
      -0.021504718475742295,
      -0.011666420827132817,
      0.001987642919231191
    ],
    "pearson_mean_abs": 0.009779021067786662,
    "pearson_min": -0.033451393997537715,
    "cca": {
      "canonical_correlations": [
        0.11597417989712354,
        0.11011447942953238,
        0.10213977212866025,
        0.09638872914856433,
        0.0858234865244766,
        0.08356344297722583,
        0.07445884841441676,
        0.06873837940437452,
        0.06010697250103982,
        0.05837483888750295,
        0.053046099015894896,
        0.04546022572001765,
        0.03985673219415534,
        0.038318163393456756,
        0.03564607688439979,
        0.024583206122426208,
        0.018711931377263243,
        0.015138035774019511,
        0.012350832878599616,
        0.0030950829177997393,
        0.0012842657759220078
      ],
      "mean_canonical_corr": 0.054436846731755806,
      "frac_above_half": 0.0,
      "n_components": 21
    },
    "mutual_information": 0.0,
    "sliced_w2_noise": 0.1176329256518044,
    "w1_noise_mean": 0.09661823541346047,
    "w2_noise_mean": 0.11264414909721385,
    "w1_noise_per_dim": [
      0.029111018688671754,
      0.037424774653575195,
      0.12913283394906924,
      0.06633325492980718,
      0.10544981509459618,
      0.08062045367931694,
      0.2299519931116952,
      0.047636833655830754,
      0.0934581261781843,
      0.06346717060591447,
      0.05356866525052427,
      0.08017370520618891,
      0.06653147872166335,
      0.08014160169317305,
      0.10660226530903441,
      0.07645930844024645,
      0.05554816043994436,
      0.07650017670497927,
      0.2025853559597626,
      0.08830972271453623,
      0.2599762286959558
    ],
    "w2_noise_per_dim": [
      0.0401692209836579,
      0.04872650272325063,
      0.14180684570768767,
      0.08161307615307024,
      0.1338432241720862,
      0.09899904538840139,
      0.25030076743732893,
      0.06543396017684554,
      0.12065017048192549,
      0.07675048502317823,
      0.07004625805694471,
      0.09526603699283732,
      0.08365851429761023,
      0.09892036738143854,
      0.1289870881324377,
      0.08590417752877813,
      0.06688669548359745,
      0.10028165579558003,
      0.21472190952069098,
      0.09575284094082136,
      0.26680828866332174
    ],
    "kl_noise_sym": 0.018313636477163636,
    "kl_noise_pq": 0.018510084956757007,
    "kl_noise_qp": 0.018117187997570266,
    "kl_noise_pq_per_dim": [
      0.0037714056211941146,
      0.005131668802077776,
      0.02175165689072896,
      0.007973273036657826,
      0.024927313407314917,
      0.0137082668673816,
      0.057231849722824475,
      0.008367014088736899,
      0.021875877864541322,
      0.010700149008713989,
      0.009582620177015031,
      0.013135824606108529,
      0.013182000841598089,
      0.0216301204575651,
      0.02125068205115844,
      0.01094033668919084,
      0.00956415124655256,
      0.0162310105375618,
      0.04093013253283209,
      0.008975967596961912,
      0.0478504620451808
    ],
    "kl_noise_qp_per_dim": [
      0.004018270164433452,
      0.004599663621990385,
      0.01998026553549876,
      0.007999472127790029,
      0.026287735946162676,
      0.015260293841074808,
      0.0650623150523165,
      0.010529007411467246,
      0.019917166736871505,
      0.008352718208564862,
      0.007841047859459067,
      0.014700227751258182,
      0.01099142440107034,
      0.02079660544924119,
      0.01960864964759914,
      0.011165149854539001,
      0.009355859925066972,
      0.017961725353227563,
      0.035742944964670474,
      0.008374185890611736,
      0.041916218206061645
    ],
    "ks_stat_zprime": 0.025496982677810143,
    "ks_pval_zprime": 4.27930902740915e-61
  }
}