{
  "strategy": "state_region",
  "n_full": 8927,
  "n_subset": 1073,
  "removal_frac": 0.3,
  "divergence": {
    "mmd": 0.0008630484507434755,
    "sliced_w2": 1.2283504680123623,
    "jsd": 0.004094913120232741,
    "kl_pq": 0.02131525031070786,
    "kl_qp": 0.03470517326250705,
    "kl_sym": 0.02801021178660746,
    "w1_mean": 0.0306765638125577,
    "w2_mean": 1.1812779766210477,
    "w1_per_dim": [
      0.019599065948005742,
      0.029511885723851366,
      0.03747630793446315,
      0.07111371483709641,
      0.016760244135163232,
      0.035435279475995195,
      0.022960473540474494,
      0.012555538905411999
    ],
    "w2_per_dim": [
      1.188427376654909,
      0.9477357189920288,
      1.2429068685424032,
      1.1262198217932637,
      1.247425199131294,
      1.1659994832559342,
      1.2637643422643325,
      1.2677450023342174
    ],
    "kl_pq_per_dim": [
      0.02580218536080027,
      0.018892874632598738,
      0.022120728747369457,
      0.02938854636026461,
      0.0239110715480652,
      0.011913189823949715,
      0.02361042306598713,
      0.014882982946627758
    ],
    "kl_qp_per_dim": [
      0.04164628133428894,
      0.03234295259250896,
      0.03833168249396969,
      0.04672156919265125,
      0.03845620383240403,
      0.01871608871392487,
      0.034343475650211716,
      0.027083132290096984
    ],
    "mean_shift": 0.02474839612841606,
    "std_ratio": 1.0052952766418457
  },
  "correlation": {
    "pearson_per_dim": [
      0.002663839067236817,
      0.01827913931231241,
      0.0489031075363658,
      0.014886829774121355,
      0.024239196545429924,
      -0.019184497500014077,
      -0.04211227403849713,
      -0.0233661305887577
    ],
    "pearson_mean_abs": 0.0242043767953419,
    "pearson_min": -0.04211227403849713,
    "cca": {
      "canonical_correlations": [
        0.14739572007938279,
        0.11601091953506198,
        0.08834334338490583,
        0.07927138146396975,
        0.04822957824405302,
        0.041767333188543185,
        0.021447611331315574,
        0.012004243838978492
      ],
      "mean_canonical_corr": 0.06930876638327632,
      "frac_above_half": 0.0,
      "n_components": 8
    },
    "mutual_information": 0.0,
    "sliced_w2_noise": 0.12893952309720302,
    "w1_noise_mean": 0.11440739364671738,
    "w2_noise_mean": 0.13796984912063331,
    "w1_noise_per_dim": [
      0.10526313170558926,
      0.07287610278643654,
      0.07874982994729399,
      0.17087392682405017,
      0.0853848046085468,
      0.08437348461185831,
      0.09769509157807307,
      0.22004277711189096
    ],
    "w2_noise_per_dim": [
      0.14005775954620334,
      0.09549306744505978,
      0.1025708049962225,
      0.20104777594684745,
      0.11790840742245523,
      0.0978599440252966,
      0.120668088100094,
      0.22815294548288767
    ],
    "kl_noise_sym": 0.023774570518303395,
    "kl_noise_pq": 0.025003503491578517,
    "kl_noise_qp": 0.022545637545028273,
    "kl_noise_pq_per_dim": [
      0.030398999251110382,
      0.012655754305927615,
      0.0200959094733441,
      0.029429714238146817,
      0.033076684686514105,
      0.011813416706121668,
      0.021351062250421854,
      0.041206487021041585
    ],
    "kl_noise_qp_per_dim": [
      0.027220411918623715,
      0.011302097069521587,
      0.017803432374832825,
      0.030837740293999633,
      0.026589210200068335,
      0.011265244834644424,
      0.020034650389656204,
      0.03531231327887949
    ],
    "ks_stat_zprime": 0.02446528546181198,
    "ks_pval_zprime": 6.771676542111615e-05
  }
}