{
  "strategy": "quality",
  "n_full": 2000,
  "n_subset": 8000,
  "removal_frac": 0.8,
  "divergence": {
    "mmd": 0.1756818286863645,
    "sliced_w2": 0.612345095833678,
    "jsd": 0.07537846487989772,
    "kl_pq": 0.3067765698717069,
    "kl_qp": 0.3278500396164533,
    "kl_sym": 0.3173133047440801,
    "w1_mean": 0.21327806816019074,
    "w2_mean": 0.677755302893262,
    "w1_per_dim": [
      0.13473766022781547,
      0.0948577590429843,
      0.5185655132332458,
      0.04649395383420665,
      0.2717354544627014
    ],
    "w2_per_dim": [
      0.5015776372061035,
      0.5158308655273729,
      1.296017688553739,
      0.5214449787220354,
      0.5539053444570592
    ],
    "kl_pq_per_dim": [
      0.1775481395054631,
      0.12198356936051943,
      0.4994838421730228,
      0.05484141032196948,
      0.6800258879975595
    ],
    "kl_qp_per_dim": [
      0.1618672888516647,
      0.1078666786932525,
      0.4160116254481688,
      0.05934556402429246,
      0.8941590410648881
    ],
    "mean_shift": 0.19149747490882874,
    "std_ratio": 1.0554553270339966
  },
  "correlation": {
    "pearson_per_dim": [
      -0.022706216811920088,
      0.004741063328407623,
      -0.005704310020380721,
      -0.0029575758685359446,
      0.015790911882642457
    ],
    "pearson_mean_abs": 0.010380015582377366,
    "pearson_min": -0.022706216811920088,
    "cca": {
      "canonical_correlations": [
        0.03510186661210654,
        0.02936342255297485,
        0.019351410856026926,
        0.010777124850103898,
        0.0005455866222369275
      ],
      "mean_canonical_corr": 0.01902788229868983,
      "frac_above_half": 0.0,
      "n_components": 5
    },
    "mutual_information": 0.0,
    "sliced_w2_noise": 0.22937695068912972,
    "w1_noise_mean": 0.1803298262296754,
    "w2_noise_mean": 0.2351736261070499,
    "w1_noise_per_dim": [
      0.21914905768088289,
      0.15378001866068375,
      0.10804648097164865,
      0.15003970800703792,
      0.2706338658281238
    ],
    "w2_noise_per_dim": [
      0.2676171228446147,
      0.21223532947434928,
      0.16581625426012403,
      0.19369197288626244,
      0.33650745106989893
    ],
    "kl_noise_sym": 0.08917647710899453,
    "kl_noise_pq": 0.11042500359322123,
    "kl_noise_qp": 0.06792795062476781,
    "kl_noise_pq_per_dim": [
      0.12165735136274144,
      0.08435183255551798,
      0.062369968732940914,
      0.07161388503600773,
      0.21213198027889812
    ],
    "kl_noise_qp_per_dim": [
      0.07898204105138429,
      0.055738660753012155,
      0.04161603272766609,
      0.04391195146399402,
      0.1193910671277825
    ],
    "ks_stat_zprime": 0.05734213048833256,
    "ks_pval_zprime": 9.129289920114342e-115
  }
}