{
  "strategy": "random",
  "n_full": 6000,
  "n_subset": 4000,
  "removal_frac": 0.4,
  "divergence": {
    "mmd": 0.0,
    "sliced_w2": 0.2921419980503006,
    "jsd": 0.001304537170098745,
    "kl_pq": 0.0018155169986640307,
    "kl_qp": 0.0019541473616480295,
    "kl_sym": 0.0018848321801560302,
    "w1_mean": 0.007969907247237003,
    "w2_mean": 0.30254277119863765,
    "w1_per_dim": [
      0.007224967560930055,
      0.008456033984742133,
      0.007231000880453699,
      0.011088175882835,
      0.00584935792722414
    ],
    "w2_per_dim": [
      0.2270177022219105,
      0.3111052525720838,
      0.5188874338803926,
      0.2829045210542001,
      0.1727989462646014
    ],
    "kl_pq_per_dim": [
      0.0013511148741416996,
      0.0011420826270686774,
      0.001925299793432752,
      0.002943602451205901,
      0.0017154852474711236
    ],
    "kl_qp_per_dim": [
      0.0014140626418436709,
      0.0011765239160045921,
      0.0020621632018194697,
      0.003004475474923698,
      0.0021135115736487164
    ],
    "mean_shift": 0.004916134290397167,
    "std_ratio": 1.0049545764923096
  },
  "correlation": {
    "pearson_per_dim": [
      -0.018607311195883984,
      0.03087997222003858,
      -0.003652758375517332,
      0.02151322093539256,
      0.024723663714687327
    ],
    "pearson_mean_abs": 0.019875385288303956,
    "pearson_min": -0.018607311195883984,
    "cca": {
      "canonical_correlations": [
        0.06226350508289367,
        0.05257689931811361,
        0.04517626524605932,
        0.03799765086993521,
        0.009519602588197193
      ],
      "mean_canonical_corr": 0.0415067846210398,
      "frac_above_half": 0.0,
      "n_components": 5
    },
    "mutual_information": 0.0,
    "sliced_w2_noise": 0.22899105546351567,
    "w1_noise_mean": 0.1883228926860225,
    "w2_noise_mean": 0.2371120224876831,
    "w1_noise_per_dim": [
      0.21822356928838416,
      0.153851156020115,
      0.1554381319659005,
      0.15477874068017625,
      0.2593228654755366
    ],
    "w2_noise_per_dim": [
      0.27063188648781017,
      0.20575431179446765,
      0.19086543996136598,
      0.18961507936186076,
      0.32869339483291093
    ],
    "kl_noise_sym": 0.08756845381196306,
    "kl_noise_pq": 0.10711881154512445,
    "kl_noise_qp": 0.06801809607880165,
    "kl_noise_pq_per_dim": [
      0.1197816032565155,
      0.07485491931591441,
      0.07573269255130752,
      0.06133510806093629,
      0.20388973454094853
    ],
    "kl_noise_qp_per_dim": [
      0.07538683045594088,
      0.052561861345356356,
      0.060611655578603256,
      0.04270760719839774,
      0.10882252581571
    ],
    "ks_stat_zprime": 0.06043340243904738,
    "ks_pval_zprime": 6.130291359694032e-64
  }
}