{
  "strategy": "random",
  "n_full": 7000,
  "n_subset": 3000,
  "removal_frac": 0.3,
  "divergence": {
    "mmd": 0.0,
    "sliced_w2": 0.7589913268066485,
    "jsd": 0.0019797159478211653,
    "mean_shift": 0.01965201646089554,
    "std_ratio": 0.995471715927124
  },
  "correlation": {
    "pearson_per_dim": [
      0.0050882399131154795,
      -0.015880506415626376,
      0.03178363206533666,
      -0.006336459012260748,
      0.026043778508781583,
      0.041493018777732885,
      -0.027353229714591126,
      -0.013823559798132089
    ],
    "pearson_mean_abs": 0.02097530302569712,
    "pearson_min": -0.027353229714591126,
    "cca": {
      "canonical_correlations": [
        0.09293431610554347,
        0.09068192164661679,
        0.07087421334756626,
        0.049843642343189005,
        0.04441453680741708,
        0.03314607030548957,
        0.019417834231527695,
        0.003409052901156062
      ],
      "mean_canonical_corr": 0.05059019846106324,
      "frac_above_half": 0.0,
      "n_components": 8
    },
    "mutual_information": 0.0,
    "sliced_w2_noise": 0.13491324956110812,
    "ks_stat_zprime": 0.03162152716000369,
    "ks_pval_zprime": 2.772954533385682e-21
  }
}