{
  "strategy": "random",
  "n_full": 6000,
  "n_subset": 4000,
  "removal_frac": 0.4,
  "divergence": {
    "mmd": 0.0,
    "sliced_w2": 0.41662335658171273,
    "jsd": 0.0015622254166602467,
    "kl_pq": 0.0016853006182900511,
    "kl_qp": 0.001767653556821231,
    "kl_sym": 0.0017264770875556415,
    "w1_mean": 0.01363312036236323,
    "w2_mean": 0.4375504561944324,
    "w1_per_dim": [
      0.005875238712333763,
      0.011394224111844474,
      0.008143066939820224,
      0.00877231418946758,
      0.012893102893373,
      0.008610727313362682,
      0.014646624937478918,
      0.009184203774493653,
      0.013300607956363824,
      0.024005022686013643,
      0.01501216639754906,
      0.005970447009953208,
      0.018120921399929407,
      0.01363682309053062,
      0.03259603447032472,
      0.029948694596726756,
      0.008246948320961867,
      0.013028389118922255,
      0.007182003582750136,
      0.01819772807958846,
      0.0075302380278396116
    ],
    "w2_per_dim": [
      0.37621041239335656,
      0.40872692719574394,
      0.5059794524542427,
      0.5004930891671924,
      0.5275393168643284,
      0.44383193898036216,
      0.287018375528069,
      0.47491760911538344,
      0.5415605994691283,
      0.4565068665803901,
      0.49531774749606877,
      0.46355515777111855,
      0.350956482470078,
      0.48894339226685024,
      0.536689273674016,
      0.37683639439092004,
      0.4660668365833872,
      0.359870573379257,
      0.47184817713833876,
      0.44652193967010867,
      0.20916901749473693
    ],
    "kl_pq_per_dim": [
      0.0009207982148486669,
      0.0012001261385948215,
      0.001277640068640507,
      0.0017396234254719789,
      0.0010870684417684934,
      0.0015073118907390167,
      0.0022628163423112045,
      0.0010849309747817957,
      0.002135044145921942,
      0.0024851498844002656,
      0.0019588838994970964,
      0.0013244533668309326,
      0.0019983088282196585,
      0.001336274737796554,
      0.0022397046860594128,
      0.0027264196394650372,
      0.0013794199915335187,
      0.0016969641434587037,
      0.001188052867335707,
      0.0018964481442753749,
      0.0019458731521403922
    ],
    "kl_qp_per_dim": [
      0.0010077233904136544,
      0.0012297140397524763,
      0.0013901563273095636,
      0.0018724290056540988,
      0.001144277308236765,
      0.001594453427746493,
      0.002433597191581755,
      0.0011240813007692575,
      0.0021700060120225673,
      0.0025126937753716643,
      0.0019995098867112374,
      0.0014763094525359075,
      0.0021359340706491644,
      0.001425645196099395,
      0.002337439967012342,
      0.0028337111444941727,
      0.0015038587526312614,
      0.0017476745986416443,
      0.0012461878867022903,
      0.00190676240592794,
      0.0020285595529822057
    ],
    "mean_shift": 0.010680777952075005,
    "std_ratio": 0.9974763989448547
  },
  "correlation": {
    "pearson_per_dim": [
      -0.023906988746261643,
      -0.016804490817220023,
      -0.01154467187968105,
      -0.00920910763481133,
      -0.019808313697181234,
      0.005270207678651872,
      0.004381688916407193,
      0.018543908222695235,
      -0.0024455540712325675,
      -0.008910886957392186,
      -0.005941539815551332,
      -0.006869180488784845,
      0.017995186945188927,
      -0.005622430665866226,
      -0.012019200762506078,
      0.010567883366973353,
      -0.015786459327428965,
      -0.008314810929734996,
      0.01820892493082491,
      -0.007564523636559095,
      -0.015913763092489933
    ],
    "pearson_mean_abs": 0.01169665345635443,
    "pearson_min": -0.023906988746261643,
    "cca": {
      "canonical_correlations": [
        0.1388561340891692,
        0.12013218109656382,
        0.1097182412324133,
        0.10369576334966471,
        0.10204982242932584,
        0.0916923798403047,
        0.08445539620087207,
        0.07810934731273907,
        0.07581292432405391,
        0.06576415438475158,
        0.06204430876713042,
        0.05421649613326326,
        0.04913436881483896,
        0.044743271398668225,
        0.03900115683698957,
        0.0324049302146444,
        0.025005157788591987,
        0.015464789883201784,
        0.013244416399230588,
        0.012372822234180542,
        0.0011864160635579382
      ],
      "mean_canonical_corr": 0.0628144989901979,
      "frac_above_half": 0.0,
      "n_components": 21
    },
    "mutual_information": 0.0,
    "sliced_w2_noise": 0.12869798909039074,
    "w1_noise_mean": 0.10490496872142341,
    "w2_noise_mean": 0.121500882961148,
    "w1_noise_per_dim": [
      0.055657522917790615,
      0.053280047489017324,
      0.12038173542609729,
      0.09476671634191006,
      0.13730820067695457,
      0.08384122758061133,
      0.22694320656657693,
      0.059943955401358856,
      0.08654685132617304,
      0.07499704864376328,
      0.04050842178150195,
      0.07196338997624116,
      0.09451615696937189,
      0.08893945609175719,
      0.09452813555935062,
      0.05317756167530025,
      0.07145684635635555,
      0.08577282448072948,
      0.25119877487563647,
      0.09336810040983472,
      0.26390816260355865
    ],
    "w2_noise_per_dim": [
      0.06825937125730798,
      0.06298996164730308,
      0.1323085650097752,
      0.11233110614522511,
      0.1627859635323407,
      0.09993918749133428,
      0.2458068689700158,
      0.0807225026444629,
      0.10899749758643332,
      0.08828073083043993,
      0.058960121064899826,
      0.08130346676875647,
      0.1192246155999115,
      0.12356090155715076,
      0.11360512834639735,
      0.06738736323188246,
      0.0819140449818562,
      0.1042093684761626,
      0.26088177826310044,
      0.10490952124623791,
      0.2731404775331141
    ],
    "kl_noise_sym": 0.01951408908727367,
    "kl_noise_pq": 0.019995505174224524,
    "kl_noise_qp": 0.01903267300032281,
    "kl_noise_pq_per_dim": [
      0.008989817561247542,
      0.008244834522477519,
      0.019036164432090313,
      0.01268709546345986,
      0.025597051742108266,
      0.01433363794978447,
      0.055052756921752016,
      0.010944911004071288,
      0.022307810211677284,
      0.009169047729398042,
      0.008168279952912317,
      0.01089882841697356,
      0.025672691426746212,
      0.04171623842463146,
      0.018735495323703447,
      0.008741303257220319,
      0.01006137820860586,
      0.015434700969326549,
      0.03898486150160184,
      0.009900598586068184,
      0.04522810505285868
    ],
    "kl_noise_qp_per_dim": [
      0.009907119855242029,
      0.0072725994229444965,
      0.018421656119765616,
      0.013287778853349044,
      0.026919212029114535,
      0.010719267400297232,
      0.058217004880246837,
      0.010938155073740127,
      0.015684231273565476,
      0.008883091809674674,
      0.007463003865178758,
      0.010453954250102959,
      0.02073646990936237,
      0.029076785815815485,
      0.017508720602420254,
      0.007505997193671801,
      0.010085530422581172,
      0.017232232092737464,
      0.04392213723685548,
      0.010264095746402128,
      0.04518708915371111
    ],
    "ks_stat_zprime": 0.028033247658500293,
    "ks_pval_zprime": 8.817097712832078e-58
  }
}