{
  "strategy": "random",
  "n_full": 3000,
  "n_subset": 7000,
  "removal_frac": 0.7,
  "divergence": {
    "mmd": 0.00013118090266828197,
    "sliced_w2": 0.7559287350871006,
    "jsd": 0.0018834558663157505,
    "kl_pq": 0.006062618060006995,
    "kl_qp": 0.005092591628557453,
    "kl_sym": 0.005577604844282224,
    "w1_mean": 0.026229813386730493,
    "w2_mean": 0.8338025303180632,
    "w1_per_dim": [
      0.048509285708667624,
      0.022878108396993155,
      0.010977955626966872,
      0.02316269895880084,
      0.03689040251093961,
      0.012164074165147861,
      0.036181791119077905,
      0.019074190607250092
    ],
    "w2_per_dim": [
      0.9757878616316756,
      0.7411505512637532,
      0.8847668851900221,
      0.9008832261794673,
      0.9439892057853279,
      0.6862576098353694,
      0.8845937441534513,
      0.6529911585054391
    ],
    "kl_pq_per_dim": [
      0.008405037666925588,
      0.005986443496096786,
      0.005459079097388214,
      0.006645571575243632,
      0.007121231739836281,
      0.0038965122069405996,
      0.00668633537202247,
      0.0043007333256023916
    ],
    "kl_qp_per_dim": [
      0.007165701662624861,
      0.005254498338238404,
      0.004495569365499549,
      0.005526198752402059,
      0.005999156689339945,
      0.0031413327791026016,
      0.005632136146140259,
      0.003526139295111948
    ],
    "mean_shift": 0.02528778463602066,
    "std_ratio": 0.9965201616287231
  },
  "correlation": {
    "pearson_per_dim": [
      0.019655874969339973,
      -0.004809519753912955,
      0.01944734782384994,
      -0.01625179868721401,
      0.006979420408051992,
      0.021621450381465086,
      -0.02658179540220952,
      -0.01705568273877292
    ],
    "pearson_mean_abs": 0.016550361270602047,
    "pearson_min": -0.02658179540220952,
    "cca": {
      "canonical_correlations": [
        0.06358517744056351,
        0.05416298454579031,
        0.04940711990449622,
        0.041166285649129566,
        0.02541500606911868,
        0.0226316947908595,
        0.016791671363108242,
        0.004868063589006987
      ],
      "mean_canonical_corr": 0.034753500419009126,
      "frac_above_half": 0.0,
      "n_components": 8
    },
    "mutual_information": 0.0,
    "sliced_w2_noise": 0.1351064193344181,
    "w1_noise_mean": 0.11986826824627486,
    "w2_noise_mean": 0.1357894586099081,
    "w1_noise_per_dim": [
      0.08353524422989202,
      0.18970583673866348,
      0.06442712098178578,
      0.2387714883036234,
      0.08645358660584312,
      0.059971764570923264,
      0.07647653553952115,
      0.15960456899994668
    ],
    "w2_noise_per_dim": [
      0.09884431208918013,
      0.19523674512465544,
      0.08316719731174724,
      0.26602914490717133,
      0.10409724883232852,
      0.0769384516080168,
      0.09659329338631559,
      0.16540927561984967
    ],
    "kl_noise_sym": 0.02380063325232144,
    "kl_noise_pq": 0.02371528302581082,
    "kl_noise_qp": 0.023885983478832057,
    "kl_noise_pq_per_dim": [
      0.02192856828972893,
      0.026280739402722644,
      0.013980446450362324,
      0.05261782568724405,
      0.025207168534258015,
      0.010191579720855277,
      0.019192718509071637,
      0.020323217612243656
    ],
    "kl_noise_qp_per_dim": [
      0.02091841780499834,
      0.027260733939587514,
      0.013009738324899158,
      0.05998667601464586,
      0.024149009319525634,
      0.007423375457965391,
      0.019050779622972216,
      0.019289137346062364
    ],
    "ks_stat_zprime": 0.03118014825012877,
    "ks_pval_zprime": 9.842895326939645e-48
  }
}