{
  "strategy": "random",
  "n_full": 5000,
  "n_subset": 5000,
  "removal_frac": 0.5,
  "divergence": {
    "mmd": 0.0,
    "sliced_w2": 0.021808948291585657,
    "jsd": 0.0014747755891668655,
    "kl_pq": 0.0009164857516857095,
    "kl_qp": 0.0009182115082937614,
    "kl_sym": 0.0009173486299897356,
    "w1_mean": 0.012955370260655347,
    "w2_mean": 0.017167254790265096,
    "w1_per_dim": [
      0.008694361470453441,
      0.009504485221300273,
      0.010647264833934605,
      0.008160188934579492,
      0.007037654738686979,
      0.013420556349493561,
      0.01606398740708828,
      0.007619677494233475,
      0.01446374090402387,
      0.029681880593067037,
      0.010339870039001109,
      0.011859381061838939,
      0.009228530454309656,
      0.006608685619849713,
      0.02145085803074762,
      0.03519151639058254,
      0.010648815536499025,
      0.014913730539288371,
      0.005676248318608848,
      0.012960242109559476,
      0.007891099426615983
    ],
    "w2_per_dim": [
      0.011031400970721649,
      0.013141007382223487,
      0.013544760167823959,
      0.011623377582451144,
      0.00885154117190732,
      0.01839528994966814,
      0.027704998063159784,
      0.009888030036287932,
      0.022213052573729467,
      0.03708353638300097,
      0.012672846799485065,
      0.014968137779673209,
      0.012909254658107607,
      0.009732700028815346,
      0.025983289729672707,
      0.04335914340192478,
      0.012739274157776223,
      0.020425355831196857,
      0.007867699263886785,
      0.015469419079394508,
      0.01090823558466003
    ],
    "kl_pq_per_dim": [
      0.0002689096299762833,
      0.0004567500252895488,
      0.0008837573600915874,
      0.0008085558134306864,
      0.00030234860041427735,
      0.0007868149645616782,
      0.0007463257897682117,
      0.0006746310556188208,
      0.0011723848280518721,
      0.001943195993334458,
      0.0007723384262675959,
      0.0005210151708881965,
      0.0010477958174114387,
      0.0005697461704930286,
      0.0011018423208193663,
      0.0020340847831073934,
      0.0009182017724219966,
      0.0011017063927074404,
      0.0005198266646619056,
      0.0009391163912233665,
      0.0016768528148607452
    ],
    "kl_qp_per_dim": [
      0.000268683810380995,
      0.00045515414697209263,
      0.0008767452023224504,
      0.0008084744536996742,
      0.0003010719171061436,
      0.0007871304038130312,
      0.000752010697887634,
      0.0006742095492286652,
      0.0011555191090019887,
      0.001953009399353247,
      0.0007793734495662721,
      0.0005245857888984467,
      0.0010528362803627067,
      0.0005769168898342913,
      0.0010978091623670243,
      0.0020222987212410205,
      0.00092254151850398,
      0.001108974779146541,
      0.0005173569935431627,
      0.0009409413653687568,
      0.0017067980355708681
    ],
    "mean_shift": 0.010199932381510735,
    "std_ratio": 0.9986628293991089
  },
  "correlation": {
    "pearson_per_dim": [
      -0.01634379124196543,
      -0.020503973055000194,
      -0.010287799340003718,
      -0.006293023548844802,
      -0.023595419233677185,
      0.007550063068703634,
      -0.0006492258960511399,
      0.01593891219487723,
      0.011837979420421084,
      0.002794155618193547,
      -0.006278255691813887,
      0.0009523269477252266,
      0.019263653630764276,
      -0.004090212294332401,
      -0.0018059041376926241,
      0.004323031830136206,
      -0.014100120977542659,
      -0.009721881108062989,
      0.00019299516409345327,
      -0.010556730558987587,
      -0.012756517222539671
    ],
    "pearson_mean_abs": 0.00951599867530614,
    "pearson_min": -0.023595419233677185,
    "cca": {
      "canonical_correlations": [
        0.11463241483901596,
        0.11195255686985026,
        0.10496571767307179,
        0.10040736537978148,
        0.08779179770865869,
        0.08235096329977018,
        0.07287367289539003,
        0.07155896383076411,
        0.06759519080498805,
        0.0627569225056358,
        0.05652011711759216,
        0.04756875151399315,
        0.04453205045093265,
        0.042475807432083186,
        0.040491150742073094,
        0.02323352153867517,
        0.02045818244167922,
        0.019340212162269634,
        0.01115547966870223,
        0.005601229709097524,
        0.003981181477623865
      ],
      "mean_canonical_corr": 0.05677348809817372,
      "frac_above_half": 0.0,
      "n_components": 21
    },
    "mutual_information": 0.0,
    "sliced_w2_noise": 0.129150622707067,
    "w1_noise_mean": 0.10661470848679969,
    "w2_noise_mean": 0.1221118303689743,
    "w1_noise_per_dim": [
      0.055853411932807635,
      0.05382675967619871,
      0.1284745733862626,
      0.08530599865323164,
      0.15076098879911004,
      0.08406005767001189,
      0.22341216002564324,
      0.05983895866544918,
      0.10368170725206144,
      0.07111093837036751,
      0.05007376422892558,
      0.06724595162537879,
      0.0916906286542784,
      0.09108969393242153,
      0.093368082643699,
      0.06295174877367682,
      0.0656445996801078,
      0.08649222138501354,
      0.24723087281179612,
      0.10054832177409144,
      0.2662474382822606
    ],
    "w2_noise_per_dim": [
      0.06747451896519863,
      0.062473035218721044,
      0.13944181923054816,
      0.10039285463263828,
      0.176793100444155,
      0.09929851526396619,
      0.24216174057467352,
      0.07662690242358039,
      0.12015506299395255,
      0.08610799348814542,
      0.06508068891506763,
      0.07630502046809624,
      0.11277414171468575,
      0.12217211322368222,
      0.11464533675409372,
      0.07409133329139574,
      0.07587200860812138,
      0.10826364628529087,
      0.25711870148603794,
      0.11278294908934954,
      0.2743169546770598
    ],
    "kl_noise_sym": 0.01950382962501148,
    "kl_noise_pq": 0.019598336558467266,
    "kl_noise_qp": 0.01940932269155569,
    "kl_noise_pq_per_dim": [
      0.007946486697714247,
      0.007647619831988846,
      0.019270094245086977,
      0.011047890874115236,
      0.02900077492232477,
      0.013258263392532759,
      0.05521395370728528,
      0.010708622745125535,
      0.02087112708647266,
      0.010843883608367636,
      0.009100697638176,
      0.00931579760636894,
      0.02471984012198135,
      0.03207059770385853,
      0.01820671065461923,
      0.008985344581909993,
      0.010251650013872519,
      0.017182754601092743,
      0.038148244366520215,
      0.011831896923632207,
      0.04594281640476701
    ],
    "kl_noise_qp_per_dim": [
      0.008792594081632804,
      0.007215057957320963,
      0.019597660496078056,
      0.011499713685211941,
      0.03208343534363843,
      0.010552302130608406,
      0.058924403787505006,
      0.011064898897288568,
      0.016837196885007736,
      0.00981429165969571,
      0.0074420701128416755,
      0.009276167268788769,
      0.019397705693703863,
      0.02905440590926587,
      0.01846777808917397,
      0.008030959491726403,
      0.009951175911711975,
      0.018878526085758508,
      0.04242345794258502,
      0.012188022082388936,
      0.04610395301073683
    ],
    "ks_stat_zprime": 0.028914350544960443,
    "ks_pval_zprime": 1.0722311031925984e-76
  }
}