{
  "strategy": "state_region",
  "n_full": 8823,
  "n_subset": 1177,
  "removal_frac": 0.3,
  "divergence": {
    "mmd": 0.03471833358082055,
    "sliced_w2": 0.7389795703426647,
    "jsd": 0.0441464307341478,
    "kl_pq": 0.20795956797375958,
    "kl_qp": 0.14449168181812252,
    "kl_sym": 0.17622562489594104,
    "w1_mean": 0.11260659501882839,
    "w2_mean": 0.7061709662802441,
    "w1_per_dim": [
      0.10503827170692238,
      0.1836422595681947,
      0.11811440446283732,
      0.13098555062733663,
      0.025252488728850855
    ],
    "w2_per_dim": [
      0.5161497589570232,
      0.8263598117980344,
      1.0540533503443226,
      0.7434248759852609,
      0.39086703431657926
    ],
    "kl_pq_per_dim": [
      0.29836486970397685,
      0.3604996055418454,
      0.09858481689962358,
      0.23287610312473822,
      0.04947244459861385
    ],
    "kl_qp_per_dim": [
      0.16849128994118612,
      0.2497416014935922,
      0.086323696237919,
      0.16257548340571532,
      0.055326338012200056
    ],
    "mean_shift": 0.0240003801882267,
    "std_ratio": 0.704995334148407
  },
  "correlation": {
    "pearson_per_dim": [
      -0.0014932952988544262,
      0.023016169200042347,
      0.04070611532560921,
      0.048343913317287254,
      -0.004617029874223352
    ],
    "pearson_mean_abs": 0.02363530460320332,
    "pearson_min": -0.004617029874223352,
    "cca": {
      "canonical_correlations": [
        0.1000538159387652,
        0.0619823846796597,
        0.04454216423573382,
        0.025936395198186524,
        0.0063608793443260345
      ],
      "mean_canonical_corr": 0.04777512787933425,
      "frac_above_half": 0.0,
      "n_components": 5
    },
    "mutual_information": 0.0,
    "sliced_w2_noise": 0.275578843999627,
    "w1_noise_mean": 0.21887126401572798,
    "w2_noise_mean": 0.28029345940895245,
    "w1_noise_per_dim": [
      0.2621353806449033,
      0.20533771218079994,
      0.17767575738767394,
      0.18022617942875346,
      0.2689812904365091
    ],
    "w2_noise_per_dim": [
      0.32291391261779245,
      0.2622524730536443,
      0.23393659894704208,
      0.23369141850104744,
      0.3486728939252362
    ],
    "kl_noise_sym": 0.1529140383702071,
    "kl_noise_pq": 0.21668640424507285,
    "kl_noise_qp": 0.08914167249534137,
    "kl_noise_pq_per_dim": [
      0.2744992835243301,
      0.15258784574706286,
      0.11774525621789139,
      0.11312961344097716,
      0.42547002229510267
    ],
    "kl_noise_qp_per_dim": [
      0.11745215799423098,
      0.08296612192367825,
      0.06678488532900888,
      0.05945803353473543,
      0.11904716369505328
    ],
    "ks_stat_zprime": 0.08390046623614025,
    "ks_pval_zprime": 1.734600315450904e-36
  }
}