{
  "strategy": "random",
  "n_full": 5000,
  "n_subset": 5000,
  "removal_frac": 0.5,
  "divergence": {
    "mmd": 9.447227910774902e-05,
    "sliced_w2": 0.03406264664770788,
    "jsd": 0.0017717499818259395,
    "mean_shift": 0.024419205263257027,
    "std_ratio": 0.9998999834060669
  },
  "correlation": {
    "pearson_per_dim": [
      0.011269278136844096,
      -0.005011706130522525,
      0.014615887369362656,
      0.0030956920454453317,
      0.003490905195992845,
      0.028220753652135798,
      -0.02836918322493373,
      -0.013318132545461873
    ],
    "pearson_mean_abs": 0.013423942287587356,
    "pearson_min": -0.02836918322493373,
    "cca": {
      "canonical_correlations": [
        0.07984298314257768,
        0.06639531118277309,
        0.05082937584578362,
        0.04323154312823843,
        0.03117246245411891,
        0.02710066345860692,
        0.018066975220844623,
        0.0039922780196687685
      ],
      "mean_canonical_corr": 0.0400789490565765,
      "frac_above_half": 0.0,
      "n_components": 8
    },
    "mutual_information": 0.0,
    "sliced_w2_noise": 0.13488464186948193,
    "ks_stat_zprime": 0.0315434148733196,
    "ks_pval_zprime": 5.188585851871261e-35
  }
}