{
  "strategy": "random",
  "n_full": 2000,
  "n_subset": 8000,
  "removal_frac": 0.8,
  "divergence": {
    "mmd": 1.3603818825758118e-05,
    "sliced_w2": 0.8835945033395539,
    "jsd": 0.0023001063725192517,
    "kl_pq": 0.011655860500746336,
    "kl_qp": 0.008562794432679129,
    "kl_sym": 0.010109327466712732,
    "w1_mean": 0.014764344746391066,
    "w2_mean": 0.9546578310746605,
    "w1_per_dim": [
      0.008123026768560521,
      0.020330951712909152,
      0.012366473266505638,
      0.010606794012826869,
      0.010284277972066776,
      0.008642150991479866,
      0.007995991442643569,
      0.010743230930907885,
      0.016978301366703814,
      0.018592422389687273,
      0.013472625915252138,
      0.013025854483625154,
      0.021731334401381898,
      0.011845992974180257,
      0.024390654651273505,
      0.045830823341646475,
      0.01197762338013854,
      0.011094653199368624,
      0.012107737847312816,
      0.010810998450673652,
      0.009099320175067987
    ],
    "w2_per_dim": [
      0.9745649504890134,
      0.9584759848970609,
      0.8898834803208985,
      0.9055560037571099,
      0.8275080381353999,
      1.0726032429864465,
      1.1308713404693704,
      0.9801203798032405,
      1.013059757670901,
      0.9654820618616261,
      0.77236019196691,
      1.0804586305764012,
      1.1014576873092838,
      1.1914375613010304,
      0.9491552602102926,
      1.0456178448217013,
      0.9696948874091396,
      1.0346383728512343,
      0.7516207312770667,
      0.8078234583596854,
      0.6254245860940543
    ],
    "kl_pq_per_dim": [
      0.00830164419519088,
      0.0096133506429632,
      0.010343937631370898,
      0.01003778592172707,
      0.011655064683527908,
      0.011738563368087505,
      0.01787004932739969,
      0.010986269326807482,
      0.017871199618755922,
      0.009212136599412214,
      0.010256019050317023,
      0.011866188346451659,
      0.011301617330783652,
      0.01671132049396422,
      0.014567308869815358,
      0.01079016196251413,
      0.008834488725458445,
      0.011493371640685186,
      0.011508711600019119,
      0.008200429615027979,
      0.01161345156539352
    ],
    "kl_qp_per_dim": [
      0.0059493897488033225,
      0.00742104538115021,
      0.007477300605753913,
      0.007485757562181105,
      0.009000309080029134,
      0.00864587276423193,
      0.013150658195634138,
      0.007690508519179485,
      0.01202994987767263,
      0.006996506435619729,
      0.007155496685548298,
      0.008959832124150833,
      0.008577825562380537,
      0.012546474841868086,
      0.010508221493373326,
      0.00909655562637824,
      0.006872179539776193,
      0.00815057301530005,
      0.008431229160789366,
      0.005643807140889735,
      0.00802918972555141
    ],
    "mean_shift": 0.010083766654133797,
    "std_ratio": 1.0045384168624878
  },
  "correlation": {
    "pearson_per_dim": [
      -0.01127060500117299,
      -0.00784813658013604,
      -0.005128956265480027,
      0.005048101371972006,
      -0.013908497501319618,
      0.0018944076162993439,
      -0.001429393171513533,
      0.005619822843544523,
      0.010667916464790936,
      -0.0024078917367502503,
      -0.0076396861287991655,
      -0.0007628471109003434,
      0.006977641480681647,
      0.0011195493758345608,
      -0.006365564164849358,
      0.006454557059181226,
      -0.018926342145337165,
      -0.019195410044754918,
      -0.015574423024778891,
      -0.004732954982521491,
      -0.007143992665060514
    ],
    "pearson_mean_abs": 0.007624604606460884,
    "pearson_min": -0.019195410044754918,
    "cca": {
      "canonical_correlations": [
        0.0932161044358671,
        0.08500896047948657,
        0.07898435449825734,
        0.07771652592532856,
        0.0667526454894833,
        0.0639088216224498,
        0.05980773509629037,
        0.054502504717108116,
        0.052079349153122574,
        0.04255334391942588,
        0.03955061441242368,
        0.03660666365098615,
        0.033809828614381934,
        0.030235298630500975,
        0.028060548508434386,
        0.022666937118301533,
        0.01931496376410004,
        0.012995460269432628,
        0.006057250352642138,
        0.003824464177228342,
        0.00107312905041098
      ],
      "mean_canonical_corr": 0.04327264304217441,
      "frac_above_half": 0.0,
      "n_components": 21
    },
    "mutual_information": 0.0,
    "sliced_w2_noise": 0.12673008566479713,
    "w1_noise_mean": 0.10380320882772559,
    "w2_noise_mean": 0.11909488862002943,
    "w1_noise_per_dim": [
      0.03198149623736028,
      0.04688810540612942,
      0.13063060557064818,
      0.07383690661524453,
      0.15499242445691924,
      0.06974859472064783,
      0.22088145826793606,
      0.05294459732344878,
      0.09774540369241189,
      0.061006814741784175,
      0.051026158907458,
      0.06807771098334345,
      0.08569245391778621,
      0.0928245254438516,
      0.09132958998707363,
      0.07272153405711104,
      0.060794989156875104,
      0.09099884598256543,
      0.24614540889218917,
      0.11416378352262216,
      0.2654359774988315
    ],
    "w2_noise_per_dim": [
      0.044902431389433395,
      0.058125024152935544,
      0.14027050953251818,
      0.08997035368443124,
      0.17576340505252347,
      0.09177062021305782,
      0.23785944269703163,
      0.06695530588922814,
      0.11865257789227251,
      0.07639273285324379,
      0.06603611309746399,
      0.07869596776693583,
      0.103439607688471,
      0.11794401865392384,
      0.11382819389152374,
      0.08472992288270181,
      0.07277045275178844,
      0.1115484655186554,
      0.25510938424434654,
      0.12365673263526883,
      0.272571398532863
    ],
    "kl_noise_sym": 0.019510813024504647,
    "kl_noise_pq": 0.019673223305452087,
    "kl_noise_qp": 0.01934840274355721,
    "kl_noise_pq_per_dim": [
      0.004316604899087665,
      0.005980045399165985,
      0.0225118480736355,
      0.010347658224357369,
      0.030658509851082927,
      0.012526018331949922,
      0.057079095416858655,
      0.009857808429389051,
      0.022637278083235353,
      0.0097746866659226,
      0.009363512023139281,
      0.010946572893577807,
      0.019332815502717163,
      0.02837629150424492,
      0.019104035518079494,
      0.011643661424116351,
      0.010098215892685633,
      0.01992458068614654,
      0.0414591783394371,
      0.014252884089472919,
      0.042946388166191604
    ],
    "kl_noise_qp_per_dim": [
      0.0049298035823952015,
      0.005578760228279408,
      0.018609699179406552,
      0.009955819284271764,
      0.033394518413786885,
      0.013512640068353225,
      0.061011317344794314,
      0.008737250225779336,
      0.018632474574498802,
      0.008290850403854954,
      0.007378874599930769,
      0.012509165715799082,
      0.015264600634922874,
      0.02715460291203776,
      0.01882670358911632,
      0.011979161964847546,
      0.009827372035158164,
      0.02112687532567748,
      0.04318370096354994,
      0.012735786992148085,
      0.043676479576092886
    ],
    "ks_stat_zprime": 0.027514542078949933,
    "ks_pval_zprime": 6.362760560513037e-111
  }
}