{
  "strategy": "quality",
  "n_full": 5000,
  "n_subset": 5000,
  "removal_frac": 0.5,
  "divergence": {
    "mmd": 0.004167617258571399,
    "sliced_w2": 0.08528409769562906,
    "jsd": 0.0030197443819436295,
    "kl_pq": 0.007951885024451441,
    "kl_qp": 0.00824464521608724,
    "kl_sym": 0.00809826512026934,
    "w1_mean": 0.056340504570538186,
    "w2_mean": 0.07459397690440156,
    "w1_per_dim": [
      0.01606598254945129,
      0.11546866338271647,
      0.1381343226336874,
      0.04128947531497107,
      0.01727808742336929,
      0.054125934962835166,
      0.011887073168810458,
      0.056474497128464286
    ],
    "w2_per_dim": [
      0.020384425544216576,
      0.14658424334049902,
      0.17592325771427259,
      0.06462827649619672,
      0.025787639427184057,
      0.06341798805172434,
      0.017631985203014157,
      0.08239399945810498
    ],
    "kl_pq_per_dim": [
      0.001488008500820516,
      0.019760862909646057,
      0.019640448464577034,
      0.0034991306247362103,
      0.0008383417758256063,
      0.005735787181858826,
      0.0005357321353145587,
      0.012116768602832721
    ],
    "kl_qp_per_dim": [
      0.0015136697304120005,
      0.02178868976615926,
      0.019406915206493486,
      0.0036090799944962157,
      0.0008305767576328761,
      0.005647614624830641,
      0.0005439640075418015,
      0.01261665164113164
    ],
    "mean_shift": 0.052290648221969604,
    "std_ratio": 1.02203369140625
  },
  "correlation": {
    "pearson_per_dim": [
      0.01945266584564962,
      -0.004565077499819314,
      0.02178503100109821,
      -0.01918511084457506,
      -0.009892081334784445,
      -0.0012582934134590744,
      -0.0022909117822079786,
      -0.015761260525515144
    ],
    "pearson_mean_abs": 0.011773804030888606,
    "pearson_min": -0.01918511084457506,
    "cca": {
      "canonical_correlations": [
        0.08256698690175533,
        0.061067036532751064,
        0.045107392831148445,
        0.028034937348499697,
        0.0236541461389381,
        0.013647607104462792,
        0.007248561272027209,
        0.002864061395069664
      ],
      "mean_canonical_corr": 0.033023841190581535,
      "frac_above_half": 0.0,
      "n_components": 8
    },
    "mutual_information": 0.0,
    "sliced_w2_noise": 0.1354106137364473,
    "w1_noise_mean": 0.12145261183054484,
    "w2_noise_mean": 0.1377256745329818,
    "w1_noise_per_dim": [
      0.08532221945524214,
      0.1434565758079814,
      0.05378585635438793,
      0.24890988052893842,
      0.08770882610771222,
      0.10488456799247649,
      0.0754278231076314,
      0.17212514528998873
    ],
    "w2_noise_per_dim": [
      0.0974105815470672,
      0.15060268502074994,
      0.07989981034706585,
      0.2696862343744508,
      0.10892231688632947,
      0.11866198809452214,
      0.09451330993692637,
      0.18210847005674272
    ],
    "kl_noise_sym": 0.0236519815439332,
    "kl_noise_pq": 0.024024325520964285,
    "kl_noise_qp": 0.023279637566902114,
    "kl_noise_pq_per_dim": [
      0.020282603673728066,
      0.016467647815156278,
      0.015628312044576625,
      0.04888899279518555,
      0.026804935550039224,
      0.018023084586053464,
      0.01779804173388063,
      0.028300985969094417
    ],
    "kl_noise_qp_per_dim": [
      0.019182508105962722,
      0.01661425977261858,
      0.011550578624673638,
      0.0572634611481008,
      0.024408507062786473,
      0.013126424127306871,
      0.017485803126344554,
      0.02660555856742327
    ],
    "ks_stat_zprime": 0.03121433954153638,
    "ks_pval_zprime": 2.7100644147019017e-34
  }
}