{
  "strategy": "quality",
  "n_full": 9000,
  "n_subset": 1000,
  "removal_frac": 0.1,
  "divergence": {
    "mmd": 0.003356344372925757,
    "sliced_w2": 1.1433350005812775,
    "jsd": 0.005510877013719583,
    "kl_pq": 0.024339205920429867,
    "kl_qp": 0.038018852614987664,
    "kl_sym": 0.031179029267708762,
    "w1_mean": 0.05237312800689999,
    "w2_mean": 1.103472846841813,
    "w1_per_dim": [
      0.03185966959937165,
      0.026742130547813655,
      0.020995401707477865,
      0.027394038850027648,
      0.021928840192345284,
      0.07068035970410953,
      0.04214326969684205,
      0.038357366807991636,
      0.050106411631400186,
      0.07664750076988196,
      0.03197742371007593,
      0.0813412810757808,
      0.12249285332473099,
      0.09680458223969779,
      0.032024265506253057,
      0.06514088318918626,
      0.06634949170115093,
      0.08357948208305364,
      0.027121098843144464,
      0.04268659199132687,
      0.043462744973237724
    ],
    "w2_per_dim": [
      1.1701936829230104,
      1.183284103861071,
      0.9916853107721532,
      0.9892531173798753,
      0.8595564204402014,
      1.1807491089891409,
      1.44484515585078,
      1.1482380938382684,
      1.0639648144608445,
      1.0881051627462295,
      0.9003988674801643,
      1.2782510154177782,
      1.2228517537459884,
      1.39536208930815,
      0.9607718672021885,
      1.1514672948679623,
      1.0471815281078583,
      1.3746422905297948,
      0.8250533619257578,
      0.9392669970015156,
      0.957807746829337
    ],
    "kl_pq_per_dim": [
      0.01872654242635542,
      0.01347478228458875,
      0.017132673618164264,
      0.01912040397419177,
      0.026230167123521587,
      0.02400701737595124,
      0.037419522007578414,
      0.019599947098026448,
      0.028874338714119673,
      0.023923884678764662,
      0.020192989494141115,
      0.03213694299895774,
      0.048839957483370444,
      0.03482337410776665,
      0.023214195475461434,
      0.024430233649255305,
      0.020819080615052787,
      0.0244112117831964,
      0.018802130024587135,
      0.016730117617647006,
      0.018213811778329064
    ],
    "kl_qp_per_dim": [
      0.027451645180297454,
      0.0244265069223927,
      0.026932796596706825,
      0.02903328288563682,
      0.0504992898945045,
      0.03509184970530866,
      0.051255343867997724,
      0.02968952794288893,
      0.0349448726602257,
      0.03901690116057298,
      0.0383138475358785,
      0.054288648201707375,
      0.08100652814649772,
      0.051829864958144206,
      0.032562707694464066,
      0.04327193302790323,
      0.035731247586789444,
      0.03696129405967165,
      0.030525744800202703,
      0.02471054141480404,
      0.02085153067214566
    ],
    "mean_shift": 0.04665626958012581,
    "std_ratio": 0.9942657947540283
  },
  "correlation": {
    "pearson_per_dim": [
      -0.0010024486197377405,
      0.002845882544387529,
      -0.014921493890066322,
      -0.002029652205269722,
      0.052814341236465535,
      -0.021237832889717968,
      0.023919079314692854,
      0.03926419220788497,
      0.0245006037242652,
      0.018453170815511837,
      -0.013761583409844078,
      0.021502707607399224,
      0.02994484460868067,
      0.017346034807555914,
      -0.01967758318337656,
      0.012910482278074871,
      -0.00764472347551916,
      -0.02312520154938016,
      0.008512326430905846,
      0.016122151415024596,
      -0.059807097637356525
    ],
    "pearson_mean_abs": 0.02054016351671987,
    "pearson_min": -0.059807097637356525,
    "cca": {
      "canonical_correlations": [
        0.2631226963313185,
        0.2513369116899637,
        0.22264324726087462,
        0.20353230645880757,
        0.1802316480633125,
        0.16876716467287162,
        0.15088296895719894,
        0.14405211506862411,
        0.13481491602193935,
        0.1249862233322152,
        0.11964490328467565,
        0.10401329116103676,
        0.09458873556995319,
        0.0840469724076395,
        0.07534072032682401,
        0.05922312978741771,
        0.043145385781902294,
        0.03640880707893619,
        0.03007467744631408,
        0.006337920664381169,
        0.003540693310836803
      ],
      "mean_canonical_corr": 0.1190826397465259,
      "frac_above_half": 0.0,
      "n_components": 21
    },
    "mutual_information": 0.0,
    "sliced_w2_noise": 0.15682077722167587,
    "w1_noise_mean": 0.12518510129384297,
    "w2_noise_mean": 0.14848158348870755,
    "w1_noise_per_dim": [
      0.05167925780249061,
      0.056060546446824455,
      0.18935944679775274,
      0.09769229377317243,
      0.23525251226779073,
      0.08975419035670346,
      0.2069714605798945,
      0.09970248906547202,
      0.09477147710544523,
      0.09535645221103914,
      0.041457538639660924,
      0.11621999650041107,
      0.09382562377308204,
      0.14317518930230294,
      0.053380693066748794,
      0.06580460220196985,
      0.166509489043674,
      0.11190756131231322,
      0.22034344675764442,
      0.0900402431137627,
      0.30962261705254784
    ],
    "w2_noise_per_dim": [
      0.08002304867288693,
      0.0694433084024127,
      0.19892929828891665,
      0.112407116067108,
      0.2531851166368139,
      0.1230105729958604,
      0.2270468576236877,
      0.13769500172164104,
      0.12003572577873438,
      0.10716225199293733,
      0.06510789616620732,
      0.14473925894643838,
      0.1413712973476976,
      0.1849828014523143,
      0.0788807954881484,
      0.09310629451658718,
      0.1825840697212514,
      0.12970296987672186,
      0.23941264601503245,
      0.10835004324186268,
      0.32093688230959755
    ],
    "kl_noise_sym": 0.026298217663779003,
    "kl_noise_pq": 0.0293887429236347,
    "kl_noise_qp": 0.023207692403923303,
    "kl_noise_pq_per_dim": [
      0.022216801773255176,
      0.008184162179520928,
      0.02746090385143725,
      0.01391907501015012,
      0.03655752398856059,
      0.03327087674049806,
      0.05199548203106286,
      0.028099723767022605,
      0.01929906897624282,
      0.012879675782709953,
      0.012864315315002022,
      0.03619674459108155,
      0.05594402298765928,
      0.053346330617803486,
      0.015344208274344616,
      0.015287213396185526,
      0.03847668958087212,
      0.02609655060884357,
      0.037711363378614346,
      0.011055501795118508,
      0.060957366750343286
    ],
    "kl_noise_qp_per_dim": [
      0.00980147391925644,
      0.007282974479832938,
      0.023874773760511114,
      0.014076346464381502,
      0.03935238339583087,
      0.02246034260685644,
      0.04490942675225307,
      0.02028487616407275,
      0.015221148890913342,
      0.01100135286797943,
      0.006330776540496342,
      0.02498433571853178,
      0.02664000792976503,
      0.041397533552432926,
      0.008908464170221272,
      0.012837731522079648,
      0.03009972869831254,
      0.018896962482609282,
      0.042852962984932144,
      0.011649903737296574,
      0.0544980338438239
    ],
    "ks_stat_zprime": 0.027893590977924737,
    "ks_pval_zprime": 1.2551187365986288e-14
  }
}