{
  "strategy": "quality",
  "n_full": 7000,
  "n_subset": 3000,
  "removal_frac": 0.3,
  "divergence": {
    "mmd": 0.13896806863153355,
    "sliced_w2": 0.49419777738983184,
    "jsd": 0.11041194505637746,
    "kl_pq": 0.6567875940389322,
    "kl_qp": 0.47378264830057565,
    "kl_sym": 0.5652851211697539,
    "w1_mean": 0.2586787924537833,
    "w2_mean": 0.4832247939550488,
    "w1_per_dim": [
      0.15735674881835854,
      0.19158408071902788,
      0.397994248860938,
      0.21816671813640356,
      0.32829216573418846
    ],
    "w2_per_dim": [
      0.39015762474768595,
      0.40976602609586593,
      1.0531133505933041,
      0.4449358192178412,
      0.11815114912054686
    ],
    "kl_pq_per_dim": [
      0.24322677226366218,
      0.21052656893973437,
      0.2769647845941421,
      0.24429304707127353,
      2.308926797325849
    ],
    "kl_qp_per_dim": [
      0.27712153331758954,
      0.27058613826666783,
      0.24047563510990033,
      0.47444790451709795,
      1.1062820302916223
    ],
    "mean_shift": 0.1671665757894516,
    "std_ratio": 1.2704799175262451
  },
  "correlation": {
    "pearson_per_dim": [
      -0.04164653362128059,
      0.012673417893615788,
      -0.01736507970008299,
      -0.0022274055152218235,
      0.022413011258267182
    ],
    "pearson_mean_abs": 0.01926508959769368,
    "pearson_min": -0.04164653362128059,
    "cca": {
      "canonical_correlations": [
        0.06123117575472647,
        0.055289810612927655,
        0.02369079304735578,
        0.01921263049903977,
        0.0020699681750558554
      ],
      "mean_canonical_corr": 0.032298875617821105,
      "frac_above_half": 0.0,
      "n_components": 5
    },
    "mutual_information": 0.0,
    "sliced_w2_noise": 0.22886508850091122,
    "w1_noise_mean": 0.19246842647313897,
    "w2_noise_mean": 0.24015586277762124,
    "w1_noise_per_dim": [
      0.17075844315742145,
      0.0960407517129012,
      0.31903576907013487,
      0.08669447029116176,
      0.2898126981340756
    ],
    "w2_noise_per_dim": [
      0.2079176652457057,
      0.1663607373315084,
      0.33670156870945145,
      0.13315466675027274,
      0.3566446758511679
    ],
    "kl_noise_sym": 0.1000593235364752,
    "kl_noise_pq": 0.12707155121450553,
    "kl_noise_qp": 0.07304709585844485,
    "kl_noise_pq_per_dim": [
      0.07319404248237768,
      0.05980149395447579,
      0.11615041908082124,
      0.042077485464664,
      0.3441343150901889
    ],
    "kl_noise_qp_per_dim": [
      0.04947742486467577,
      0.04220207622400371,
      0.09396035988204178,
      0.030484706786528523,
      0.14911091153497447
    ],
    "ks_stat_zprime": 0.055751296133915135,
    "ks_pval_zprime": 5.769535488719585e-41
  }
}