{
  "strategy": "state_region",
  "n_full": 9829,
  "n_subset": 171,
  "removal_frac": 0.1,
  "divergence": {
    "mmd": 0.0,
    "sliced_w2": 1.590427579297243,
    "jsd": 0.02472800423075097,
    "kl_pq": 0.06657133363398872,
    "kl_qp": 0.15803049420892762,
    "kl_sym": 0.11230091392145818,
    "w1_mean": 0.04667539355910738,
    "w2_mean": 1.2204388208749624,
    "w1_per_dim": [
      0.036454716277045725,
      0.04300190291983945,
      0.051248271633225796,
      0.03942767578480662,
      0.05388301018652827,
      0.029738574478085755,
      0.041968887485104585,
      0.07768010970822285
    ],
    "w2_per_dim": [
      1.2169778296090383,
      0.960348554698349,
      1.2893635689565557,
      1.0496239380208123,
      1.217947159361729,
      1.2378098658293697,
      1.2896075624892485,
      1.5018320880345957
    ],
    "kl_pq_per_dim": [
      0.08189717590013376,
      0.06197723306639717,
      0.0696077413026897,
      0.0674413036916603,
      0.08465355432648658,
      0.029274039368038678,
      0.07129793386993287,
      0.06642168754657071
    ],
    "kl_qp_per_dim": [
      0.19975557008125133,
      0.1782185753793291,
      0.1698909616217934,
      0.12360242520803388,
      0.1926025273974296,
      0.07939962220387117,
      0.13096137509235506,
      0.1898128966873574
    ],
    "mean_shift": 0.02730529010295868,
    "std_ratio": 1.0103232860565186
  },
  "correlation": {
    "pearson_per_dim": [
      -0.11077877562155095,
      -0.11101660869809328,
      -0.05822051628092905,
      -0.005387016213991083,
      -0.04561193877666133,
      0.06893639816270081,
      -0.0126390575718463,
      -0.015717632342830884
    ],
    "pearson_mean_abs": 0.05353849295857546,
    "pearson_min": -0.11101660869809328,
    "cca": {
      "canonical_correlations": [
        0.3479369854591697,
        0.2387891482556296,
        0.23020693347432422,
        0.15608694713808874,
        0.12498530275266587,
        0.10952039739597842,
        0.062269847276877906,
        0.03783083278583636
      ],
      "mean_canonical_corr": 0.16345329931732136,
      "frac_above_half": 0.0,
      "n_components": 8
    },
    "mutual_information": 0.0,
    "sliced_w2_noise": 0.19583384205425083,
    "w1_noise_mean": 0.15341519789557667,
    "w2_noise_mean": 0.19586154941639378,
    "w1_noise_per_dim": [
      0.10908673110973548,
      0.09262295205647139,
      0.11897434088897113,
      0.1284671067079796,
      0.13364629292239746,
      0.15459881589764304,
      0.14465593217125935,
      0.34526941141015605
    ],
    "w2_noise_per_dim": [
      0.19081029559212606,
      0.13729662794873262,
      0.17997009403177294,
      0.14333393184761256,
      0.16581010794624312,
      0.18359677095726223,
      0.19084149968599254,
      0.37523306732140804
    ],
    "kl_noise_sym": 0.03361604656451554,
    "kl_noise_pq": 0.035702813451191875,
    "kl_noise_qp": 0.031529279677839216,
    "kl_noise_pq_per_dim": [
      0.04028086958518469,
      0.019629216554353318,
      0.022116892445901332,
      0.009584884059983756,
      0.033125978597853295,
      0.04131306668816326,
      0.023243260419053842,
      0.0963283392590415
    ],
    "kl_noise_qp_per_dim": [
      0.03193256552771888,
      0.01655119457819552,
      0.01870301073689471,
      0.009812741680927696,
      0.02336913980000918,
      0.03817763403854848,
      0.024844956698279026,
      0.0888429943621402
    ],
    "ks_stat_zprime": 0.03792892645868384,
    "ks_pval_zprime": 0.038052320737722356
  }
}