{
  "strategy": "state_region",
  "n_full": 6360,
  "n_subset": 3640,
  "removal_frac": 0.6,
  "divergence": {
    "mmd": 0.0004760443296680794,
    "sliced_w2": 0.580780526777547,
    "jsd": 0.0018720883034246847,
    "kl_pq": 0.0033330202736190353,
    "kl_qp": 0.003651891980402607,
    "kl_sym": 0.003492456127010821,
    "w1_mean": 0.02140978590047596,
    "w2_mean": 0.6230011679398094,
    "w1_per_dim": [
      0.010968546099294672,
      0.015329574067856516,
      0.02675585641395874,
      0.026285932147812188,
      0.03785400248304635,
      0.010946326663637845,
      0.02532577389511823,
      0.01781227543308312
    ],
    "w2_per_dim": [
      0.7164011133236262,
      0.6031884858079803,
      0.6292069654457298,
      0.7722480571875824,
      0.6775579271826204,
      0.5043602351368754,
      0.6697199545666301,
      0.4113266048674309
    ],
    "kl_pq_per_dim": [
      0.0025234392862464954,
      0.003064162065670965,
      0.00591086275657492,
      0.003841771174200247,
      0.0033701900984837822,
      0.0020809064909781275,
      0.0029078392898995564,
      0.0029649910268981896
    ],
    "kl_qp_per_dim": [
      0.0026829080590267734,
      0.003457028126706156,
      0.00661136876962769,
      0.004193437014288273,
      0.00365621222261971,
      0.002464366587106223,
      0.0030934483962721682,
      0.0030563666675738595
    ],
    "mean_shift": 0.016596807166934013,
    "std_ratio": 1.00211763381958
  },
  "correlation": {
    "pearson_per_dim": [
      0.004404931703238086,
      -0.015550232621874202,
      0.01931676060617343,
      -0.010817180014463537,
      -0.0012538934458368556,
      0.028977979793327276,
      -0.04597735050557893,
      -0.0034930477881804397
    ],
    "pearson_mean_abs": 0.016223922059834094,
    "pearson_min": -0.04597735050557893,
    "cca": {
      "canonical_correlations": [
        0.0916026043477248,
        0.07355736087373528,
        0.05710383611646349,
        0.049931671489151445,
        0.03826572563256359,
        0.037115208066362454,
        0.015055579573231727,
        0.00540032000701894
      ],
      "mean_canonical_corr": 0.04600403826328146,
      "frac_above_half": 0.0,
      "n_components": 8
    },
    "mutual_information": 0.0,
    "sliced_w2_noise": 0.13363249752160522,
    "w1_noise_mean": 0.1191496738828961,
    "w2_noise_mean": 0.14079789333446585,
    "w1_noise_per_dim": [
      0.07289062478308692,
      0.1509187930137409,
      0.07283125615735576,
      0.22624934551962184,
      0.096410723941637,
      0.07274670778735107,
      0.08422595867228305,
      0.1769239811880922
    ],
    "w2_noise_per_dim": [
      0.09246638039853522,
      0.16129362699817382,
      0.08899847536590808,
      0.2638009708956519,
      0.12256912629908305,
      0.09882304433168852,
      0.11246120285897296,
      0.18597031952771315
    ],
    "kl_noise_sym": 0.024772579015176183,
    "kl_noise_pq": 0.025070182636604273,
    "kl_noise_qp": 0.02447497539374809,
    "kl_noise_pq_per_dim": [
      0.016435270775748002,
      0.019342161343879005,
      0.017058833794060077,
      0.05028631580117137,
      0.03230936621738417,
      0.013914912175697989,
      0.024132092791818334,
      0.027082508193075255
    ],
    "kl_noise_qp_per_dim": [
      0.01605981262781002,
      0.019626052754511826,
      0.014429558442204803,
      0.057471923480124545,
      0.02949932195429565,
      0.011718700110031545,
      0.022351381312933825,
      0.02464305246807251
    ],
    "ks_stat_zprime": 0.031784426892285916,
    "ks_pval_zprime": 5.416492493540969e-26
  }
}