{
  "strategy": "state_region",
  "n_full": 8260,
  "n_subset": 1740,
  "removal_frac": 0.4,
  "divergence": {
    "mmd": 0.00026821385222830507,
    "sliced_w2": 0.9439360411208584,
    "jsd": 0.002555828724755741,
    "kl_pq": 0.011157343631735343,
    "kl_qp": 0.01575563267308233,
    "kl_sym": 0.013456488152408836,
    "w1_mean": 0.02300345059614351,
    "w2_mean": 0.9924677787310524,
    "w1_per_dim": [
      0.019594414900267098,
      0.013766914153300287,
      0.04814051477501647,
      0.04287450948642451,
      0.027895474974443668,
      0.011643565403522424,
      0.014574600273824477,
      0.026074542969988696,
      0.05091608555159815,
      0.021951168112673475,
      0.012595528704040649,
      0.011978183931044072,
      0.019980291426665905,
      0.027084462913982206,
      0.010198040419407839,
      0.048980711588325024,
      0.015067960490288301,
      0.02378522598595849,
      0.016754930123646178,
      0.00861229425609324,
      0.010603042078502635
    ],
    "w2_per_dim": [
      1.0185861282021436,
      1.0112683169685757,
      0.890564881834766,
      0.9790638319031111,
      0.8646003493399944,
      1.1229566366064894,
      1.2388898543960942,
      0.9975104438434473,
      1.003987265276801,
      1.0052491480074246,
      0.8103943965418273,
      1.1165819179325018,
      1.151689427023212,
      1.2162334785540319,
      0.9559101901370837,
      1.0219578000746705,
      1.0095380856027474,
      1.1342293964769867,
      0.7615477776068039,
      0.8298216469939965,
      0.7012423800293905
    ],
    "kl_pq_per_dim": [
      0.00829182782929669,
      0.008237669805973659,
      0.01244539147089899,
      0.012258117312824071,
      0.01395363521636506,
      0.01304505111970458,
      0.01785590651634121,
      0.008819248776096402,
      0.01617844006539413,
      0.0093421500857887,
      0.010591676116837808,
      0.010243548564276048,
      0.010870746109651809,
      0.015258217260107771,
      0.012216179829951535,
      0.011534666468983996,
      0.009384398122890315,
      0.009615489511899195,
      0.009216214175666138,
      0.0068816692177627896,
      0.00806397268973126
    ],
    "kl_qp_per_dim": [
      0.010254809704586677,
      0.012494993326189956,
      0.01750545925770973,
      0.017932189943286436,
      0.01850992306634683,
      0.020441556515777577,
      0.026138370672449705,
      0.012981709830346312,
      0.02375296758174367,
      0.013532975714688226,
      0.015344752835018937,
      0.01431264951530217,
      0.013569798237256842,
      0.021422889888144704,
      0.018439957423099167,
      0.014781358816795608,
      0.013022094949324999,
      0.013429907173976015,
      0.011892034562209754,
      0.010164326564984554,
      0.010943560555491071
    ],
    "mean_shift": 0.017888380214571953,
    "std_ratio": 0.9948659539222717
  },
  "correlation": {
    "pearson_per_dim": [
      -0.03429325614306671,
      0.04175966897070138,
      0.024682025612841652,
      -0.02459391827814877,
      0.002799783236146586,
      0.012626469401306897,
      -0.0044132099279232005,
      0.014047932791425398,
      0.034806720061427314,
      0.025232431739009083,
      -0.003798300595790902,
      -0.0296239679032949,
      -0.00386881372242608,
      -0.002690441257239612,
      -0.011269309091737793,
      0.010930595554849357,
      -0.034449249657115,
      -0.02964664751117908,
      -0.038161197620572976,
      -0.012221334119604887,
      -0.017422474360929984
    ],
    "pearson_mean_abs": 0.01968274988365417,
    "pearson_min": -0.038161197620572976,
    "cca": {
      "canonical_correlations": [
        0.20055818375782045,
        0.17857773781245334,
        0.16786661034285927,
        0.15386464962353485,
        0.14123347836834765,
        0.13763857012465497,
        0.12508770421827484,
        0.11457037534558091,
        0.10995125349989927,
        0.09587257763641283,
        0.08225623469929524,
        0.07758470200397681,
        0.0738351665667997,
        0.06359537609711123,
        0.054712751415067706,
        0.04861826298679575,
        0.039915907383172945,
        0.029155981481975114,
        0.027889997976547287,
        0.012368081278895162,
        0.0029807142974990343
      ],
      "mean_canonical_corr": 0.09229211032937974,
      "frac_above_half": 0.0,
      "n_components": 21
    },
    "mutual_information": 0.0,
    "sliced_w2_noise": 0.12938224346679542,
    "w1_noise_mean": 0.10350505335759391,
    "w2_noise_mean": 0.12216270243017469,
    "w1_noise_per_dim": [
      0.03995689970732868,
      0.04263698319869718,
      0.1342025427575271,
      0.0887181491250488,
      0.09283522706941819,
      0.0735663670158996,
      0.2798094854975068,
      0.061379302329805804,
      0.0993762058425352,
      0.06495561451443248,
      0.05094352874703485,
      0.0751391809153365,
      0.08586351473650315,
      0.08771188484527233,
      0.1372833286054786,
      0.09394431078966087,
      0.052677599316056097,
      0.05634850384747802,
      0.210661229387564,
      0.09592282641110352,
      0.24967343584978424
    ],
    "w2_noise_per_dim": [
      0.05114693759936479,
      0.057542938736204856,
      0.1473570920538189,
      0.1073628966331093,
      0.1256675071006588,
      0.09204629578545338,
      0.3034689647923758,
      0.07869719384299077,
      0.13177225032028156,
      0.07677923768953099,
      0.07748639256524209,
      0.09729673071087905,
      0.1019599612793265,
      0.10469567139965061,
      0.15608682389768858,
      0.1099640361511946,
      0.06977472413222788,
      0.09095217315053705,
      0.22181598875146466,
      0.10386688451294768,
      0.2596760499287206
    ],
    "kl_noise_sym": 0.019857455772514104,
    "kl_noise_pq": 0.02049182980889826,
    "kl_noise_qp": 0.019223081736129948,
    "kl_noise_pq_per_dim": [
      0.006363488735534486,
      0.008274263310416027,
      0.02094335967998087,
      0.011121891475653824,
      0.03284269408514688,
      0.008785592234828287,
      0.06799058050871767,
      0.01093190918717183,
      0.025683142859251135,
      0.008565381916758848,
      0.013312672146123401,
      0.014481071038486469,
      0.013538597160854794,
      0.022685582827854642,
      0.02728515330338866,
      0.01603867485351511,
      0.010995838274231805,
      0.014591053585045343,
      0.03923487233619551,
      0.010584895922969358,
      0.046077710544738554
    ],
    "kl_noise_qp_per_dim": [
      0.007099462913738639,
      0.0063546779552055175,
      0.02110142786910884,
      0.011563409823130064,
      0.025567378216385918,
      0.008486452893755443,
      0.0753369349004973,
      0.010955851997188336,
      0.01895976172515687,
      0.008520610110803604,
      0.008813504202035412,
      0.01487306183053301,
      0.012755229875521055,
      0.021918231101374183,
      0.021650117003488414,
      0.014642804415218253,
      0.00957300515912098,
      0.01629590753774355,
      0.03872115048618377,
      0.009372685207875472,
      0.04112305123466434
    ],
    "ks_stat_zprime": 0.02567819433414828,
    "ks_pval_zprime": 2.308981969939796e-21
  }
}