{
  "strategy": "random",
  "n_full": 7000,
  "n_subset": 3000,
  "removal_frac": 0.3,
  "divergence": {
    "mmd": 1.7789337056539622e-05,
    "sliced_w2": 0.6595010617885055,
    "jsd": 0.0017160026883365005,
    "kl_pq": 0.00408215469116964,
    "kl_qp": 0.004826353481460559,
    "kl_sym": 0.0044542540863150995,
    "w1_mean": 0.015107312145386343,
    "w2_mean": 0.7389201857454522,
    "w1_per_dim": [
      0.008178063954315369,
      0.014545100773440761,
      0.00753781479796661,
      0.011716643378936818,
      0.021479489205183375,
      0.006547989545877846,
      0.01453724561760291,
      0.008672043982616052,
      0.014850905534600662,
      0.01949059992240343,
      0.012411188654867664,
      0.008194650347710454,
      0.019717196963805084,
      0.02152864461656039,
      0.035059210060408255,
      0.02665368803485208,
      0.011163926550763707,
      0.012930763276715189,
      0.00976767586431067,
      0.022402139261320588,
      0.0098685747088554
    ],
    "w2_per_dim": [
      0.7042614266283652,
      0.7357151473875374,
      0.764397151748469,
      0.7651726873248057,
      0.7074996056637151,
      0.8335832786703102,
      0.6542536184959126,
      0.7804689975357825,
      0.8558179938881725,
      0.7771178104339248,
      0.6765424214158651,
      0.8516785344879404,
      0.7448874836536549,
      0.9655791383942004,
      0.7743998169689359,
      0.7351566371776835,
      0.7714390693095164,
      0.7051190486609612,
      0.6385162961114987,
      0.6699189521128674,
      0.4057987845843759
    ],
    "kl_pq_per_dim": [
      0.0029581308329409356,
      0.0032041959334778835,
      0.0032917788994774708,
      0.0036901301729459855,
      0.00393618898221695,
      0.003958298906041482,
      0.0058310026517788775,
      0.002787768879111133,
      0.0053699482669195605,
      0.0033471622223230704,
      0.0038626397228567998,
      0.004054096701680051,
      0.005069957746617336,
      0.004533890428540318,
      0.005586399682711362,
      0.004937003666197308,
      0.00418188448768579,
      0.004163370691864909,
      0.0028029768071516107,
      0.0036166506358668842,
      0.004541772196156716
    ],
    "kl_qp_per_dim": [
      0.0037124754477997272,
      0.0037043731050699635,
      0.004073939796192612,
      0.004215270241741648,
      0.004778325040491782,
      0.0050260136553976955,
      0.007024047864366891,
      0.0032959488503187502,
      0.006016897227938304,
      0.003994114283565484,
      0.004347571743127987,
      0.005095358214183692,
      0.006282803588557704,
      0.005129147794026328,
      0.00638950848583405,
      0.0056522906145248485,
      0.005318554564725193,
      0.004953262723170263,
      0.003371848496218908,
      0.0038704531401560875,
      0.005101218233263816
    ],
    "mean_shift": 0.012062447145581245,
    "std_ratio": 0.9973635673522949
  },
  "correlation": {
    "pearson_per_dim": [
      -0.02007992241891902,
      -0.02106792465787243,
      -0.01745870511047546,
      -0.017002350138695665,
      -0.021262479099260444,
      0.018787290902417292,
      0.011069398439017886,
      0.012064264171557692,
      -0.01817386904000018,
      -0.009632335024605499,
      0.001474098121978726,
      -0.004491091006335406,
      0.025483240457164394,
      -0.00019973021581798624,
      4.995115693136851e-05,
      -0.013570546202461162,
      -0.016962897840777754,
      -0.021051630764403965,
      0.01920906511582413,
      -0.003479484391496904,
      -0.0014442926531328514
    ],
    "pearson_mean_abs": 0.013048312710911728,
    "pearson_min": -0.021262479099260444,
    "cca": {
      "canonical_correlations": [
        0.14800852816261517,
        0.13559603034788761,
        0.1335813482290392,
        0.12390534930320064,
        0.1129131103600145,
        0.10928677669361814,
        0.10609118910153825,
        0.09785012223647667,
        0.08452444138067913,
        0.07613751967003574,
        0.06845166385518577,
        0.06732613404703636,
        0.05694589800344296,
        0.05416832784643474,
        0.03940982758364456,
        0.03622160804152401,
        0.02788987453077906,
        0.018029533829861066,
        0.01694348458294104,
        0.008795813435879667,
        0.0003729466615667406
      ],
      "mean_canonical_corr": 0.07249759656682861,
      "frac_above_half": 0.0,
      "n_components": 21
    },
    "mutual_information": 0.0,
    "sliced_w2_noise": 0.12990820593794494,
    "w1_noise_mean": 0.10682326250712933,
    "w2_noise_mean": 0.12419974784947294,
    "w1_noise_per_dim": [
      0.04933297828019324,
      0.05830892331811872,
      0.09179939644673141,
      0.09844916697376174,
      0.13426550362693768,
      0.08467881862044062,
      0.22826577030108938,
      0.06380748446318707,
      0.0867462902482172,
      0.08901222740043885,
      0.03822318450415818,
      0.09080093764614627,
      0.10722431694679108,
      0.09426317332813051,
      0.09753653042655304,
      0.05234870266361393,
      0.07216826021426823,
      0.08737159402999291,
      0.24808844143897293,
      0.10084076883834299,
      0.26975604293363
    ],
    "w2_noise_per_dim": [
      0.059596774393661414,
      0.06853573438529893,
      0.10817053594939888,
      0.1165428180272063,
      0.16490351376975396,
      0.1006300791964041,
      0.2481153164704946,
      0.08203812078425608,
      0.11670455353163266,
      0.10519617590175089,
      0.0569745821925165,
      0.10048983251221509,
      0.1305642118465748,
      0.13022927967259146,
      0.11725933509003447,
      0.06581708560128176,
      0.08255901654164838,
      0.1071731522412385,
      0.2573432924081658,
      0.1110583729232865,
      0.27829292139952055
    ],
    "kl_noise_sym": 0.020226098091067856,
    "kl_noise_pq": 0.020787177207502346,
    "kl_noise_qp": 0.019665018974633366,
    "kl_noise_pq_per_dim": [
      0.0070948406734303825,
      0.007003790864446399,
      0.01528891374177727,
      0.01642459667556482,
      0.026376814033894393,
      0.01138956138686019,
      0.05840207179724339,
      0.012562308206090729,
      0.02589194811693269,
      0.012347109212102709,
      0.007284828119508603,
      0.014299725901419966,
      0.025246088638672302,
      0.04115566311127471,
      0.019113167545516455,
      0.0076212096529900426,
      0.010424449572057251,
      0.01634159675056698,
      0.03860216104588096,
      0.011191382797014322,
      0.05246849351430477
    ],
    "kl_noise_qp_per_dim": [
      0.006914873236246916,
      0.006927896599846713,
      0.01566539764156251,
      0.016367827847533274,
      0.027118310306692227,
      0.010488639226994795,
      0.060655873612432666,
      0.01273389515157327,
      0.018594209074400674,
      0.01248370059841332,
      0.007123075678871911,
      0.013851375254085606,
      0.019928530278765948,
      0.029713866252553983,
      0.017961530551617547,
      0.005950962555319694,
      0.010309891186382404,
      0.01826839043143923,
      0.04383397631148467,
      0.011568452813612448,
      0.04650472385747083
    ],
    "ks_stat_zprime": 0.028900678919353162,
    "ks_pval_zprime": 3.789421686267873e-46
  }
}