{
  "strategy": "state_region",
  "n_full": 3619,
  "n_subset": 6381,
  "removal_frac": 0.8,
  "divergence": {
    "mmd": 0.00897574183530847,
    "sliced_w2": 0.360773134453576,
    "jsd": 0.010548442310266287,
    "kl_pq": 0.04140293764989242,
    "kl_qp": 0.03835468293520218,
    "kl_sym": 0.03987881029254729,
    "w1_mean": 0.05414088828984678,
    "w2_mean": 0.3603326595313788,
    "w1_per_dim": [
      0.04606796750396217,
      0.08240075287350762,
      0.056612682861109,
      0.07098997691619643,
      0.014633061294458617
    ],
    "w2_per_dim": [
      0.2840900838536903,
      0.345669325600304,
      0.5967594798992647,
      0.3207928347150946,
      0.2543515735885403
    ],
    "kl_pq_per_dim": [
      0.03594058314311008,
      0.07652907413858279,
      0.025243199629305792,
      0.060361903456154914,
      0.008939927882308513
    ],
    "kl_qp_per_dim": [
      0.0320430266461176,
      0.07140925741371773,
      0.023523311252047555,
      0.05486039488308028,
      0.009937424481047695
    ],
    "mean_shift": 0.01967814937233925,
    "std_ratio": 0.9012944102287292
  },
  "correlation": {
    "pearson_per_dim": [
      -0.008098220828336665,
      0.020074849206088378,
      -0.00540488564871143,
      0.0101677414470237,
      -0.0003017641891794547
    ],
    "pearson_mean_abs": 0.008809492263867926,
    "pearson_min": -0.008098220828336665,
    "cca": {
      "canonical_correlations": [
        0.036466739604566444,
        0.025226580796412493,
        0.0145596408500867,
        0.01290466538722008,
        0.008681195805148565
      ],
      "mean_canonical_corr": 0.019567764488686856,
      "frac_above_half": 0.0,
      "n_components": 5
    },
    "mutual_information": 0.0,
    "sliced_w2_noise": 0.23925332060090515,
    "w1_noise_mean": 0.19580064495818228,
    "w2_noise_mean": 0.24738817992107073,
    "w1_noise_per_dim": [
      0.22796739293529822,
      0.157737650222681,
      0.14903574878635384,
      0.1604354659002289,
      0.28382696694634946
    ],
    "w2_noise_per_dim": [
      0.2807381577837414,
      0.21185653946678074,
      0.18596779989736192,
      0.20422005007780838,
      0.3541583523796612
    ],
    "kl_noise_sym": 0.09728630432819907,
    "kl_noise_pq": 0.11950909789749306,
    "kl_noise_qp": 0.07506351075890508,
    "kl_noise_pq_per_dim": [
      0.1430268540952756,
      0.07646252131042752,
      0.07366304151305186,
      0.07917816325530326,
      0.22521490931340712
    ],
    "kl_noise_qp_per_dim": [
      0.08697351309374932,
      0.05321287897959959,
      0.061480954033680535,
      0.047799438044339504,
      0.12585076964315642
    ],
    "ks_stat_zprime": 0.06349506367994236,
    "ks_pval_zprime": 2.866924008056461e-112
  }
}