{
  "strategy": "random",
  "n_full": 4000,
  "n_subset": 6000,
  "removal_frac": 0.6,
  "divergence": {
    "mmd": 0.00016085261174159093,
    "sliced_w2": 0.46403939228256635,
    "jsd": 0.0017313574050737076,
    "kl_pq": 0.002364190943711561,
    "kl_qp": 0.002236787307264768,
    "kl_sym": 0.0023004891254881647,
    "w1_mean": 0.02234151447741412,
    "w2_mean": 0.4815458586294155,
    "w1_per_dim": [
      0.04359323122344601,
      0.014509612400705616,
      0.02235558026920383,
      0.006793933484121228,
      0.03624177385563963,
      0.008757492971024477,
      0.023376961103756914,
      0.023103530511415254
    ],
    "w2_per_dim": [
      0.5975756810776196,
      0.5291897186182108,
      0.4738333824256094,
      0.6156114031936614,
      0.4858380985753415,
      0.3751520622992486,
      0.43954164761202213,
      0.33562487523361073
    ],
    "kl_pq_per_dim": [
      0.0041577663192656,
      0.002079912882803711,
      0.0028261745853844188,
      0.0013534209785239074,
      0.0031629827557513347,
      0.001381706602817099,
      0.0022533757064269293,
      0.0016981877187194887
    ],
    "kl_qp_per_dim": [
      0.0038924332920106455,
      0.002037943106997053,
      0.0026672350379264437,
      0.0012646005608113438,
      0.0029977002720808603,
      0.0013557303873667995,
      0.002079354450299477,
      0.0015993013506255226
    ],
    "mean_shift": 0.021306589245796204,
    "std_ratio": 0.9996827840805054
  },
  "correlation": {
    "pearson_per_dim": [
      0.01165714523267028,
      -0.007071641188930577,
      0.021661543477568358,
      -0.006344177127686557,
      0.01701856242645566,
      0.031208652719185194,
      -0.030842653040629886,
      -0.019147775736295954
    ],
    "pearson_mean_abs": 0.018119018868677807,
    "pearson_min": -0.030842653040629886,
    "cca": {
      "canonical_correlations": [
        0.07616968935140236,
        0.0561212767023833,
        0.05026302763866705,
        0.045363047063893554,
        0.028462746991123354,
        0.019839473746292986,
        0.019401591716846307,
        0.004696785078638729
      ],
      "mean_canonical_corr": 0.03753970478615595,
      "frac_above_half": 0.0,
      "n_components": 8
    },
    "mutual_information": 0.0,
    "sliced_w2_noise": 0.13422879134942456,
    "w1_noise_mean": 0.11843710568412116,
    "w2_noise_mean": 0.1341914275376213,
    "w1_noise_per_dim": [
      0.07899169486660441,
      0.19436988980843306,
      0.059929754732358564,
      0.23629944113781826,
      0.08919740517901177,
      0.06172059307688565,
      0.07548777315046755,
      0.15150029352139002
    ],
    "w2_noise_per_dim": [
      0.0949738025879612,
      0.20002506543165205,
      0.0770521724749779,
      0.26351566274244614,
      0.10818590371913217,
      0.07973341575772772,
      0.09365895412724946,
      0.15638644345982386
    ],
    "kl_noise_sym": 0.023795869655892258,
    "kl_noise_pq": 0.023895087796883756,
    "kl_noise_qp": 0.023696651514900764,
    "kl_noise_pq_per_dim": [
      0.022877502044668138,
      0.02745195749156719,
      0.013747088450826598,
      0.05293759295808234,
      0.027270574085953125,
      0.011491530997940626,
      0.017563864047942475,
      0.017820592298089542
    ],
    "kl_noise_qp_per_dim": [
      0.01939901000828942,
      0.029071904310461,
      0.012524110669691398,
      0.06113343425536809,
      0.025080373133840973,
      0.007830042553898815,
      0.017627604511371603,
      0.016906732676284814
    ],
    "ks_stat_zprime": 0.03085276729774783,
    "ks_pval_zprime": 3.956292883723938e-40
  }
}