{
  "strategy": "quality",
  "n_full": 5000,
  "n_subset": 5000,
  "removal_frac": 0.5,
  "divergence": {
    "mmd": 4.7106146707998064e-05,
    "sliced_w2": 0.026782951808646545,
    "jsd": 0.0014439463115416035,
    "kl_pq": 0.001386196649395032,
    "kl_qp": 0.0013874994022142928,
    "kl_sym": 0.0013868480258046624,
    "w1_mean": 0.018218497959400216,
    "w2_mean": 0.02332380156384733,
    "w1_per_dim": [
      0.020013543578796086,
      0.014073925964999946,
      0.009481049671210348,
      0.01596988025344908,
      0.02686849915962666,
      0.016747488158009943,
      0.008954056452121585,
      0.023264669669466092,
      0.028896704464172945,
      0.007720952062914149,
      0.009098168700840322,
      0.02515595102240331,
      0.025151186021650215,
      0.03955916429152712,
      0.00998565557776019,
      0.024246225542249162,
      0.011595165834948422,
      0.02334687749659643,
      0.01373565395278856,
      0.0230773674774915,
      0.005646271794382485
    ],
    "w2_per_dim": [
      0.022369445873184814,
      0.01673762596918838,
      0.012580244899710586,
      0.020349380055281294,
      0.03162699509409258,
      0.0215750115061481,
      0.011906746326424026,
      0.028104289003522475,
      0.03760522275778002,
      0.009114012289176378,
      0.01234554452839166,
      0.03324349006691034,
      0.03594060306465023,
      0.058380891085445634,
      0.012471871856230702,
      0.030333537720558305,
      0.014531090865603762,
      0.02809177961332683,
      0.01804034571810292,
      0.026779440803175212,
      0.007672263743889672
    ],
    "kl_pq_per_dim": [
      0.0015274722076248134,
      0.0008151263634322819,
      0.0006853450782585164,
      0.001524336567499179,
      0.00182550968285187,
      0.0008343440164175122,
      0.0008055419057063605,
      0.0013959179629669423,
      0.002908472518679912,
      0.0001589165165584135,
      0.0008846946866401303,
      0.0016194946083955448,
      0.002105214027740814,
      0.001842376413843664,
      0.0009188351905407384,
      0.002065431492729645,
      0.0012197293991035993,
      0.0016572877334833386,
      0.0017557713760369504,
      0.0022445063499960307,
      0.0003158055387894182
    ],
    "kl_qp_per_dim": [
      0.0015452641496176232,
      0.0008144109335008823,
      0.000685935894228799,
      0.0015173298057822113,
      0.0018405521803363401,
      0.000836714247409635,
      0.0008111408475728141,
      0.0013760444719856223,
      0.0029165734252413478,
      0.0001586005272220239,
      0.0008919597955885285,
      0.0016016661638074102,
      0.0021461582130595062,
      0.0018322490105310354,
      0.0009176776076781079,
      0.0020930624200125748,
      0.00121387142585813,
      0.0016550956766358468,
      0.0017953692999722118,
      0.0021663034876430454,
      0.00032150786281645236
    ],
    "mean_shift": 0.014791030436754227,
    "std_ratio": 1.002608060836792
  },
  "correlation": {
    "pearson_per_dim": [
      -0.003548636475470079,
      -0.011803700293702101,
      -0.0048826137497154235,
      0.01152352249577336,
      -0.01554421107679238,
      -0.01216628254625545,
      -0.002705085690688503,
      -0.0012041543094225484,
      0.007287390152176246,
      0.0011127568247493304,
      -0.005299384456211968,
      0.001501129668119372,
      -0.004038561299141412,
      -0.0003886738622843855,
      0.004681188200007029,
      0.003412631106569313,
      -0.022325413395214898,
      -0.013860436152836206,
      0.0002158068278677699,
      0.0037428731272759535,
      -0.014316799693655463
    ],
    "pearson_mean_abs": 0.0069314881620918655,
    "pearson_min": -0.022325413395214898,
    "cca": {
      "canonical_correlations": [
        0.1282370761608742,
        0.09883147794534305,
        0.09628555718400095,
        0.0870413191223039,
        0.08552476637506959,
        0.08158539784637882,
        0.07608573081536103,
        0.07180027912407305,
        0.0632360295963772,
        0.06070918916468787,
        0.05297884399686788,
        0.042839962888503155,
        0.03830060772790036,
        0.035151596493647796,
        0.031172780742344412,
        0.02902009338612528,
        0.019449118491370564,
        0.017271320667500523,
        0.015263934395826998,
        0.007785182647644902,
        0.0033135363152474655
      ],
      "mean_canonical_corr": 0.054375419099402335,
      "frac_above_half": 0.0,
      "n_components": 21
    },
    "mutual_information": 0.0,
    "sliced_w2_noise": 0.13150112340508147,
    "w1_noise_mean": 0.10680555451512266,
    "w2_noise_mean": 0.12404517525313631,
    "w1_noise_per_dim": [
      0.044599266108503795,
      0.05334389977928948,
      0.12938185211878153,
      0.07115374562657671,
      0.17372398709995907,
      0.06986263791666132,
      0.22606285568540482,
      0.06986466086945728,
      0.0816414704342751,
      0.05013831746432697,
      0.04068025755024282,
      0.07271528926764147,
      0.08872387154053576,
      0.10872711180523037,
      0.06664634655134578,
      0.07473812312749509,
      0.06649781128445759,
      0.0968776909492455,
      0.2626640029367758,
      0.14250330948939255,
      0.25237013721197726
    ],
    "w2_noise_per_dim": [
      0.0589731887000738,
      0.0664978268358549,
      0.13580628670880784,
      0.08801808052666275,
      0.1909141445180782,
      0.09693792540648215,
      0.24395070341474498,
      0.08618926714465029,
      0.10742529355463323,
      0.06295917888104602,
      0.06008758717470555,
      0.08263392287933419,
      0.10795568853613238,
      0.14205549467980982,
      0.09341171314648906,
      0.08968404288818031,
      0.08565076273591091,
      0.11541702099475618,
      0.2751380573458521,
      0.1553573060530778,
      0.25988518819057993
    ],
    "kl_noise_sym": 0.020831003471871272,
    "kl_noise_pq": 0.02147289893887164,
    "kl_noise_qp": 0.020189108004870903,
    "kl_noise_pq_per_dim": [
      0.007436281914405893,
      0.01016754959104127,
      0.01801025313386944,
      0.011934293287273464,
      0.029648346723636296,
      0.014721656233973049,
      0.059794155550718264,
      0.014138811319437672,
      0.021297600447959454,
      0.007443433987220196,
      0.007839391872772904,
      0.014894898986363994,
      0.016336941361713566,
      0.04064035223325017,
      0.017999727411774732,
      0.014607116334628124,
      0.014637599195757927,
      0.021421488215033323,
      0.0465053689852839,
      0.020718087454665107,
      0.040737523475525714
    ],
    "kl_noise_qp_per_dim": [
      0.007022673973114395,
      0.00702919984634626,
      0.015211412143816806,
      0.01034668614767605,
      0.03144865895640271,
      0.013867315973546141,
      0.058834631960980016,
      0.011617582565663807,
      0.018472768556605894,
      0.006586978848080358,
      0.006666584724410807,
      0.016484322372167792,
      0.01523098132054394,
      0.03414072671218571,
      0.01563923583169525,
      0.014025424457867556,
      0.01314889198362288,
      0.018825165805987504,
      0.05100695087985384,
      0.01805337985772116,
      0.04031169518400009
    ],
    "ks_stat_zprime": 0.02684710446740493,
    "ks_pval_zprime": 3.5284364274006403e-66
  }
}