{
  "strategy": "random",
  "n_full": 5000,
  "n_subset": 5000,
  "removal_frac": 0.5,
  "divergence": {
    "mmd": 0.0,
    "sliced_w2": 0.013191881479123644,
    "jsd": 0.0010994714714645704,
    "kl_pq": 0.0009553371069822587,
    "kl_qp": 0.0010088642447975504,
    "kl_sym": 0.0009821006758899044,
    "w1_mean": 0.006454318130097818,
    "w2_mean": 0.010121305212848467,
    "w1_per_dim": [
      0.004878464808592978,
      0.004141793562682506,
      0.006014657705700666,
      0.011657820567700037,
      0.005578854005812898
    ],
    "w2_per_dim": [
      0.008665260444887305,
      0.007686221748690353,
      0.00835944541712933,
      0.017388655523041086,
      0.008506942930494263
    ],
    "kl_pq_per_dim": [
      0.0008832253274599865,
      0.0003316544043935894,
      0.0005182700507289752,
      0.0018012271523861149,
      0.001242308599942627
    ],
    "kl_qp_per_dim": [
      0.0008949243609308157,
      0.00032651249762583967,
      0.0005179494533279019,
      0.001872127183761266,
      0.0014328077283419288
    ],
    "mean_shift": 0.004221887327730656,
    "std_ratio": 1.0033905506134033
  },
  "correlation": {
    "pearson_per_dim": [
      -0.017982194791217775,
      0.018431332439564286,
      -0.006642416301072032,
      0.012901843061666803,
      0.016685024202767955
    ],
    "pearson_mean_abs": 0.014528562159257769,
    "pearson_min": -0.017982194791217775,
    "cca": {
      "canonical_correlations": [
        0.046618538983990127,
        0.04089375328043189,
        0.035973573041401065,
        0.02573383916916832,
        0.0008894867281673153
      ],
      "mean_canonical_corr": 0.03002183824063175,
      "frac_above_half": 0.0,
      "n_components": 5
    },
    "mutual_information": 0.0,
    "sliced_w2_noise": 0.22164441815690933,
    "w1_noise_mean": 0.18120090403533948,
    "w2_noise_mean": 0.23031735167021866,
    "w1_noise_per_dim": [
      0.21115494373172988,
      0.14301038884688166,
      0.13796598568356133,
      0.14862898214630255,
      0.265244219768222
    ],
    "w2_noise_per_dim": [
      0.2625522343980399,
      0.19189882966751132,
      0.1783965008710041,
      0.18311277206466814,
      0.3356264213498699
    ],
    "kl_noise_sym": 0.084384705976275,
    "kl_noise_pq": 0.10254443283219579,
    "kl_noise_qp": 0.06622497912035419,
    "kl_noise_pq_per_dim": [
      0.11396773316425984,
      0.06536847912790131,
      0.07272916361379936,
      0.05857526117680061,
      0.20208152707821786
    ],
    "kl_noise_qp_per_dim": [
      0.07137083256298488,
      0.046763652530272315,
      0.05956232080761434,
      0.0406264296170309,
      0.11280166008386855
    ],
    "ks_stat_zprime": 0.05933945934513715,
    "ks_pval_zprime": 5.7983268792400865e-77
  }
}