{
  "strategy": "quality",
  "n_full": 4000,
  "n_subset": 6000,
  "removal_frac": 0.6,
  "divergence": {
    "mmd": 0.0,
    "sliced_w2": 0.4172107105086873,
    "jsd": 0.0014837168561354437,
    "kl_pq": 0.0020640818796491883,
    "kl_qp": 0.001984304935835096,
    "kl_sym": 0.0020241934077421422,
    "w1_mean": 0.01719423365079528,
    "w2_mean": 0.4331302227797742,
    "w1_per_dim": [
      0.011658570823104432,
      0.01489550173457246,
      0.015870900006343926,
      0.0154731098364573,
      0.013250613339322929,
      0.013213804338437815,
      0.007270754508829366,
      0.010128604137843163,
      0.032951979840057904,
      0.005968429749152467,
      0.015383627239498307,
      0.022951626794897796,
      0.01970170539993948,
      0.017944250631301353,
      0.013953883892080434,
      0.02442641191644361,
      0.020509068615036083,
      0.03202486509255444,
      0.019634896809545655,
      0.021687404353908885,
      0.012178897607373075
    ],
    "w2_per_dim": [
      0.37165200582985364,
      0.38542204207112735,
      0.4973714163001925,
      0.5180962318740424,
      0.5470441495023614,
      0.45428381633436477,
      0.3065115796943361,
      0.46023429231787677,
      0.5236398641049995,
      0.43126940267494657,
      0.4722208974660978,
      0.44389427955983096,
      0.38219360579263795,
      0.4494020722313527,
      0.5745164070930654,
      0.3828725769020281,
      0.44974924744126016,
      0.30997241955395993,
      0.45877065616545765,
      0.45555914648769796,
      0.22105856897776924
    ],
    "kl_pq_per_dim": [
      0.0011896437033705526,
      0.0015463786854366026,
      0.0018773430628858563,
      0.0019193296198569548,
      0.0022072973822994477,
      0.002189223652492472,
      0.0022276976768027448,
      0.0010304644546782257,
      0.004689230575329169,
      0.0008999122683558637,
      0.0014218626784517057,
      0.0022937243212080433,
      0.002755601516956075,
      0.001799538512623218,
      0.002177292626412865,
      0.002609905932729528,
      0.0019833398934412747,
      0.0024403103200148213,
      0.0023539538115836048,
      0.0023159722900727223,
      0.0014176964876312136
    ],
    "kl_qp_per_dim": [
      0.0011856002959590595,
      0.0014356564689352227,
      0.0017253006518830744,
      0.0018096889473621786,
      0.002186504612470478,
      0.0020089213345019855,
      0.0021047879620023375,
      0.0009807298646170156,
      0.004388974685733318,
      0.0008256073597123444,
      0.0013978401010832364,
      0.0022513775247970658,
      0.0027577189959628453,
      0.0017165019014841795,
      0.0019776832325569763,
      0.002581641318005895,
      0.001968014824423568,
      0.0024248466756284746,
      0.002344794661255714,
      0.0021546449532468537,
      0.0014435672809151971
    ],
    "mean_shift": 0.013907266780734062,
    "std_ratio": 1.0054101943969727
  },
  "correlation": {
    "pearson_per_dim": [
      -0.004318419163472623,
      -0.009468891482273678,
      -0.002331186211287597,
      0.00856501354868434,
      -0.010743716371518889,
      -0.00940204493184521,
      -0.0029926822833270922,
      0.0003205508258696526,
      0.01011303576645271,
      -0.0027128719992435915,
      -0.00010448312963057501,
      0.004829901207544779,
      0.0005731784932548164,
      0.007014739413720601,
      -0.0051973141594638455,
      0.004970638884626773,
      -0.029998292981752418,
      -0.012760734345549259,
      0.0019545586229456416,
      -0.0049215626384007715,
      -0.0056551275158474405
    ],
    "pearson_mean_abs": 0.006616616379843442,
    "pearson_min": -0.029998292981752418,
    "cca": {
      "canonical_correlations": [
        0.12139322911430134,
        0.09317769983306338,
        0.08666396408347184,
        0.08469643269502745,
        0.07899263706692482,
        0.07254975848904893,
        0.06688930368774659,
        0.06256033863480398,
        0.05853216428889097,
        0.05423688529259432,
        0.04606411376210347,
        0.03957238374043979,
        0.03685836768104276,
        0.0343140232812935,
        0.027336917348549556,
        0.024362473957230048,
        0.02043673169821176,
        0.013631254789684785,
        0.012789309357341457,
        0.007692757929545498,
        0.0011892422754175406
      ],
      "mean_canonical_corr": 0.04971142804793972,
      "frac_above_half": 0.0,
      "n_components": 21
    },
    "mutual_information": 0.0,
    "sliced_w2_noise": 0.1302964183747982,
    "w1_noise_mean": 0.10640846009478472,
    "w2_noise_mean": 0.1232060146198932,
    "w1_noise_per_dim": [
      0.04116495749482905,
      0.048686074095630215,
      0.12577873673638776,
      0.07420289926019416,
      0.16617573898734794,
      0.0739592075306379,
      0.22738280965428204,
      0.06424372331488604,
      0.07236047070082711,
      0.06275018433466417,
      0.05734658763816697,
      0.07280954703510115,
      0.08913459649718063,
      0.10301065141924969,
      0.0771843944110272,
      0.06813407987192964,
      0.06543994813449774,
      0.09403582865562535,
      0.2649523367779135,
      0.12987787757292144,
      0.25594701186717916
    ],
    "w2_noise_per_dim": [
      0.056580322510863125,
      0.06102685780685017,
      0.13376910539600784,
      0.09156608437820232,
      0.18469175956055786,
      0.10238807380500738,
      0.2446025917288788,
      0.07953845498140905,
      0.09954686425919095,
      0.07587512457664647,
      0.07035698682588427,
      0.08339453309465705,
      0.10782579628440828,
      0.13592548584391395,
      0.10258099542588808,
      0.08194743607385162,
      0.07941977585405367,
      0.11401524041469357,
      0.275468756795943,
      0.14393454363058708,
      0.26287151777026263
    ],
    "kl_noise_sym": 0.020397818437933302,
    "kl_noise_pq": 0.020809247264050708,
    "kl_noise_qp": 0.019986389611815897,
    "kl_noise_pq_per_dim": [
      0.006838729353552484,
      0.006875948948935003,
      0.017711819281792565,
      0.012633403116892681,
      0.028975881179060574,
      0.016838021247952605,
      0.06297837251178855,
      0.012898082662122399,
      0.018818388196754923,
      0.008114729659490963,
      0.008601477029858771,
      0.014867848037595464,
      0.01667822524435158,
      0.03548797585032311,
      0.01871783571461464,
      0.01171136520202228,
      0.012603158685489273,
      0.020948680339633496,
      0.04500057045248808,
      0.019103695436159425,
      0.04058998439418603
    ],
    "kl_noise_qp_per_dim": [
      0.006519196320332186,
      0.0058781198582681105,
      0.015745904374208836,
      0.0110911831745064,
      0.03115606341476889,
      0.01551362693316877,
      0.06212521232290423,
      0.010673338303892685,
      0.017225338195963526,
      0.007209762082789766,
      0.007721464876379987,
      0.01621039386504246,
      0.015284334179948008,
      0.030628643629389173,
      0.016893899931578905,
      0.012054005502558888,
      0.01176716445344161,
      0.01869241658025223,
      0.049192092588679834,
      0.016754086286697507,
      0.04137793497336183
    ],
    "ks_stat_zprime": 0.026490819262354998,
    "ks_pval_zprime": 3.0127544333979404e-77
  }
}