{
  "strategy": "quality",
  "n_full": 7000,
  "n_subset": 3000,
  "removal_frac": 0.3,
  "divergence": {
    "mmd": 0.006687381996922093,
    "sliced_w2": 0.7688384909885959,
    "jsd": 0.0042399649747023455,
    "mean_shift": 0.07410323619842529,
    "std_ratio": 1.0169730186462402
  },
  "correlation": {
    "pearson_per_dim": [
      0.031341313909150105,
      -0.0067043426177114335,
      0.01750106047899646,
      0.0015786274555532897,
      0.004552740093001761,
      0.004882072031346703,
      0.0072316327947968655,
      -0.010680820064191252
    ],
    "pearson_mean_abs": 0.010559076180593483,
    "pearson_min": -0.010680820064191252,
    "cca": {
      "canonical_correlations": [
        0.09612251316446409,
        0.0845606403426011,
        0.05304376811432086,
        0.038199878740518944,
        0.019194117525387105,
        0.013650696154993765,
        0.008909461268508492,
        0.0005776432221551069
      ],
      "mean_canonical_corr": 0.03928233981661869,
      "frac_above_half": 0.0,
      "n_components": 8
    },
    "mutual_information": 0.0,
    "sliced_w2_noise": 0.13854133337812863,
    "ks_stat_zprime": 0.03306155190190824,
    "ks_pval_zprime": 3.1617053464823785e-23
  }
}