{
  "strategy": "state_region",
  "n_full": 7129,
  "n_subset": 2871,
  "removal_frac": 0.5,
  "divergence": {
    "mmd": 0.00037069688376867305,
    "sliced_w2": 0.790807416417258,
    "jsd": 0.0021314870955991046,
    "kl_pq": 0.006000064711274249,
    "kl_qp": 0.007196826241190923,
    "kl_sym": 0.006598445476232586,
    "w1_mean": 0.024182356048690144,
    "w2_mean": 0.8664441691096676,
    "w1_per_dim": [
      0.010693184302385257,
      0.011318500411219025,
      0.03948043975351569,
      0.02785668615923212,
      0.03810212085250255,
      0.017119966120035076,
      0.02580825014815589,
      0.02307970064247553
    ],
    "w2_per_dim": [
      0.9551673035327076,
      0.7390402242953853,
      0.9515292360079316,
      0.9223941179049132,
      0.9768351186528063,
      0.7198812898036449,
      0.9898344393920571,
      0.6768716232878944
    ],
    "kl_pq_per_dim": [
      0.005323558405043197,
      0.005192406077090955,
      0.00890676348163074,
      0.006817142332142343,
      0.006313803349746933,
      0.004155358447082378,
      0.005877753750164057,
      0.005413731847293388
    ],
    "kl_qp_per_dim": [
      0.006195617816292449,
      0.00667118613591426,
      0.011032573153359499,
      0.008202167195842743,
      0.007393528948270219,
      0.005338184558122109,
      0.007011106301459366,
      0.005730245820266745
    ],
    "mean_shift": 0.01914205402135849,
    "std_ratio": 1.0008715391159058
  },
  "correlation": {
    "pearson_per_dim": [
      -0.0020507471673973853,
      -0.013859015231778064,
      0.007252769745850317,
      0.002894891390120867,
      0.00464886263522771,
      0.02366876439041955,
      -0.05912190392284693,
      -0.002594666366994871
    ],
    "pearson_mean_abs": 0.014511452606329462,
    "pearson_min": -0.05912190392284693,
    "cca": {
      "canonical_correlations": [
        0.09607695580722861,
        0.07828712213635482,
        0.0586088536148483,
        0.049970093102477055,
        0.039973074209770774,
        0.033642822571572126,
        0.010989039065156128,
        0.008088723777148064
      ],
      "mean_canonical_corr": 0.046954585535569485,
      "frac_above_half": 0.0,
      "n_components": 8
    },
    "mutual_information": 0.0,
    "sliced_w2_noise": 0.1297733052374685,
    "w1_noise_mean": 0.1171036374730446,
    "w2_noise_mean": 0.14008842550596268,
    "w1_noise_per_dim": [
      0.07140824109878606,
      0.12265982559145495,
      0.0793153534713491,
      0.23275360314098076,
      0.09931149475502082,
      0.07064487309063741,
      0.08548913774754006,
      0.17524657088858767
    ],
    "w2_noise_per_dim": [
      0.090015177532762,
      0.13372888604104666,
      0.09984129154288701,
      0.26965084964066627,
      0.12895559630209877,
      0.09693844572481584,
      0.11810404053761663,
      0.18347311672580818
    ],
    "kl_noise_sym": 0.025220247681976664,
    "kl_noise_pq": 0.025847560964475727,
    "kl_noise_qp": 0.0245929343994776,
    "kl_noise_pq_per_dim": [
      0.018272265197394284,
      0.01473158938067376,
      0.017810084429353952,
      0.050838521490209926,
      0.035023481112514646,
      0.013509252127893697,
      0.029585320632815396,
      0.027009973344950165
    ],
    "kl_noise_qp_per_dim": [
      0.016721205778398602,
      0.014740295318997315,
      0.015520263381250366,
      0.05632832468239987,
      0.03064162692472787,
      0.011436474167398947,
      0.026969095559410603,
      0.024386189383237222
    ],
    "ks_stat_zprime": 0.03132391996626177,
    "ks_pval_zprime": 5.1691761978125316e-20
  }
}