{
  "strategy": "quality",
  "n_full": 7000,
  "n_subset": 3000,
  "removal_frac": 0.3,
  "divergence": {
    "mmd": 0.0003035130943898068,
    "sliced_w2": 0.659812971378142,
    "jsd": 0.001868179777540368,
    "kl_pq": 0.004915142167266424,
    "kl_qp": 0.005847319063443853,
    "kl_sym": 0.005381230615355138,
    "w1_mean": 0.020837870083301582,
    "w2_mean": 0.7408976432109815,
    "w1_per_dim": [
      0.009316624185469536,
      0.024485457796315172,
      0.011129385670513981,
      0.006655883653976378,
      0.021479006223957098,
      0.034964769875497695,
      0.006750875741265537,
      0.013061884866794568,
      0.02104821578314572,
      0.022019174045206803,
      0.012450964919624052,
      0.040847211547140466,
      0.05021142289897295,
      0.04851948185054408,
      0.016468135477642396,
      0.024758405670091244,
      0.016578223136830186,
      0.024561903419704843,
      0.017894832219329797,
      0.007810128975127423,
      0.006583283792183335
    ],
    "w2_per_dim": [
      0.7030991009715299,
      0.7508359205671461,
      0.7623934629834612,
      0.7644677654255398,
      0.7087655959442547,
      0.800868481289934,
      0.674505356408408,
      0.7966093983241568,
      0.8632386245405314,
      0.7367789918163787,
      0.6763128494451016,
      0.8788974534869863,
      0.7140977610956576,
      0.9914263364417344,
      0.8082201780733815,
      0.7499835991948285,
      0.7638743833680116,
      0.7190265195398913,
      0.6320635100686557,
      0.6520111679886803,
      0.4113740504563417
    ],
    "kl_pq_per_dim": [
      0.003475878553394829,
      0.0030922852278101338,
      0.00324151758278515,
      0.0033531963896747,
      0.006170157388021567,
      0.005487676971410681,
      0.005322642105877914,
      0.003882823567359931,
      0.005333175306475264,
      0.003209164727343535,
      0.003917302266970233,
      0.008159762894351483,
      0.012357877526037377,
      0.0066253825169593356,
      0.006184407630899634,
      0.006328537428254901,
      0.003600477775621184,
      0.0040379277662750575,
      0.003346906201216979,
      0.003222903952751049,
      0.002867981733103965
    ],
    "kl_qp_per_dim": [
      0.004365325111733509,
      0.003514703695548769,
      0.0037128345406692888,
      0.004168044670979523,
      0.00780515452335849,
      0.006148725554590579,
      0.006508542301280609,
      0.00475579047389694,
      0.005768057670265839,
      0.003844816016465788,
      0.004668402978198965,
      0.009513515214404557,
      0.015183972835162412,
      0.007847276608454443,
      0.006952846936821515,
      0.007631317817836788,
      0.004345173672273552,
      0.004850490622581425,
      0.003935287620600896,
      0.0037042999845621296,
      0.0035691214826348745
    ],
    "mean_shift": 0.016687944531440735,
    "std_ratio": 1.0021562576293945
  },
  "correlation": {
    "pearson_per_dim": [
      -0.006549826445711904,
      -0.011707224255785048,
      -0.007680067179682446,
      -0.004974295316096255,
      -0.009271757041651561,
      -0.009057513473386587,
      0.012312225678484926,
      0.004531248360166827,
      0.00880152027635305,
      3.215451429769354e-05,
      0.005944594456513554,
      -0.009075353963686614,
      0.00046819039892322784,
      -0.0012846564479693733,
      0.002061929348525624,
      -0.015648969742429877,
      -0.023334480974157114,
      -0.02511529545221225,
      0.010990684521442837,
      -0.01794127136402974,
      -0.02692727753485581
    ],
    "pearson_mean_abs": 0.010176692226017251,
    "pearson_min": -0.02692727753485581,
    "cca": {
      "canonical_correlations": [
        0.14817909385969652,
        0.13503308983850115,
        0.12708270293862212,
        0.12449670637202766,
        0.11094175014265449,
        0.10133768565414926,
        0.09366255741292645,
        0.0892100726249682,
        0.08098568880985475,
        0.06848702577901605,
        0.06610974187668077,
        0.06002915307562754,
        0.052840249625171816,
        0.0467089192248838,
        0.041184849938251424,
        0.037215848641615354,
        0.027710219312090327,
        0.022607604801149705,
        0.0076539435594766,
        0.006537035952608218,
        0.0004422780903498249
      ],
      "mean_canonical_corr": 0.068974105596682,
      "frac_above_half": 0.0,
      "n_components": 21
    },
    "mutual_information": 0.0,
    "sliced_w2_noise": 0.13785495196185654,
    "w1_noise_mean": 0.11224332224117596,
    "w2_noise_mean": 0.12990769991199938,
    "w1_noise_per_dim": [
      0.04543873431340521,
      0.057567126900869556,
      0.13218996589653154,
      0.0599673531814672,
      0.20598822236899286,
      0.06780626895895693,
      0.2327950585915557,
      0.07595832099238761,
      0.09528129766490019,
      0.06492381187141293,
      0.06108528047772901,
      0.08558115647158895,
      0.09875854278147987,
      0.10867158159815396,
      0.06668604239166114,
      0.06400972714833429,
      0.07609663865267063,
      0.09978438995351888,
      0.26500500755171136,
      0.11171468969248527,
      0.2818005496048815
    ],
    "w2_noise_per_dim": [
      0.06565750909353231,
      0.07373204956977558,
      0.1391098762418037,
      0.07728880189128559,
      0.22237072340710323,
      0.09435082232034504,
      0.24986568711211957,
      0.09527815734427439,
      0.11436777750861243,
      0.07429715507867432,
      0.08402299850949076,
      0.09555701607918639,
      0.12594104035463713,
      0.13961748252341707,
      0.08820442249327397,
      0.08004407123180816,
      0.09468166792304773,
      0.1167502480730853,
      0.2776947812516608,
      0.12887709530822192,
      0.290352314836632
    ],
    "kl_noise_sym": 0.022643913570046078,
    "kl_noise_pq": 0.023974802121533228,
    "kl_noise_qp": 0.021313025018558918,
    "kl_noise_pq_per_dim": [
      0.014092530984154045,
      0.01111016083612676,
      0.01876314211759307,
      0.011586321500307094,
      0.03441204365471326,
      0.01524942258085022,
      0.057440339183153014,
      0.017071217987837936,
      0.01896002971685331,
      0.008173420975061383,
      0.02443630142388001,
      0.01896698521162315,
      0.029031262959183818,
      0.037552762094197716,
      0.018547054238537204,
      0.012098210099005018,
      0.015462933579881877,
      0.018688197511137247,
      0.050673149371411194,
      0.020343229465003228,
      0.050812129061687306
    ],
    "kl_noise_qp_per_dim": [
      0.008296708452902367,
      0.009298188992241574,
      0.01494709376368987,
      0.008164364541237699,
      0.03711901469450912,
      0.014216784774098205,
      0.05636081544298753,
      0.013166029597192406,
      0.015529637424815564,
      0.0063726880158180114,
      0.011424830632544403,
      0.017913135947121493,
      0.02076669932354145,
      0.0339908502379391,
      0.013928987074008673,
      0.010886377658849585,
      0.01461792184492311,
      0.01926499213828283,
      0.05332859154598511,
      0.017212164639146595,
      0.05076764864790258
    ],
    "ks_stat_zprime": 0.02703425496750192,
    "ks_pval_zprime": 1.967312326756671e-40
  }
}