{
  "strategy": "quality",
  "n_full": 8000,
  "n_subset": 2000,
  "removal_frac": 0.2,
  "divergence": {
    "mmd": 0.24667166064126245,
    "sliced_w2": 0.6442026696302785,
    "jsd": 0.132529528815643,
    "kl_pq": 0.8413885295574242,
    "kl_qp": 0.53487798399034,
    "kl_sym": 0.688133256773882,
    "w1_mean": 0.29852795913653707,
    "w2_mean": 0.6110337871762177,
    "w1_per_dim": [
      0.16354745993957112,
      0.11577461219311339,
      0.7322998510076522,
      0.1818681084733273,
      0.29914976406902133
    ],
    "w2_per_dim": [
      0.5111760742405642,
      0.5389385483262753,
      1.4075344276730393,
      0.5354604813053343,
      0.06205940433587504
    ],
    "kl_pq_per_dim": [
      0.2445317358364259,
      0.09391567482364713,
      1.3121289335520439,
      0.22855574800705244,
      2.327810555567951
    ],
    "kl_qp_per_dim": [
      0.2669155490485702,
      0.14098814049482206,
      0.8295175999610747,
      0.5484106615552248,
      0.8885579688920084
    ],
    "mean_shift": 0.24030980467796326,
    "std_ratio": 1.1087912321090698
  },
  "correlation": {
    "pearson_per_dim": [
      -0.06295321608509633,
      0.0006270128216839851,
      -0.031883091629151324,
      -0.005414461539285998,
      0.034924365344752885
    ],
    "pearson_mean_abs": 0.0271604294839941,
    "pearson_min": -0.06295321608509633,
    "cca": {
      "canonical_correlations": [
        0.08590475969919419,
        0.054046303755275006,
        0.0519598319995747,
        0.014723831444961507,
        0.004194189359309819
      ],
      "mean_canonical_corr": 0.04216578325166304,
      "frac_above_half": 0.0,
      "n_components": 5
    },
    "mutual_information": 0.0,
    "sliced_w2_noise": 0.3100683166551603,
    "w1_noise_mean": 0.23239047683895184,
    "w2_noise_mean": 0.2877211360141412,
    "w1_noise_per_dim": [
      0.15210467098071237,
      0.0865633630264201,
      0.5436142972335292,
      0.08880865165390422,
      0.29086140130019333
    ],
    "w2_noise_per_dim": [
      0.19963828032265424,
      0.15316440065353695,
      0.5863783135054822,
      0.14107201470865158,
      0.35835267088038114
    ],
    "kl_noise_sym": 0.1299536944835778,
    "kl_noise_pq": 0.15948962226797345,
    "kl_noise_qp": 0.10041776669918212,
    "kl_noise_pq_per_dim": [
      0.07417112372541984,
      0.04878687622550265,
      0.2943498283962176,
      0.05078179994383207,
      0.32935848304889515
    ],
    "kl_noise_qp_per_dim": [
      0.046211893393472515,
      0.03689000937866346,
      0.23376605513627896,
      0.03982085186167597,
      0.14540002372581967
    ],
    "ks_stat_zprime": 0.07228422325199657,
    "ks_pval_zprime": 6.988504567631696e-46
  }
}