{
  "strategy": "random",
  "n_full": 4000,
  "n_subset": 6000,
  "removal_frac": 0.6,
  "divergence": {
    "mmd": 0.0,
    "sliced_w2": 0.2931910804151395,
    "jsd": 0.0012514356548137492,
    "kl_pq": 0.0014446923728562912,
    "kl_qp": 0.0013935860398267407,
    "kl_sym": 0.001419139206341516,
    "w1_mean": 0.007364897824440353,
    "w2_mean": 0.30055782442895795,
    "w1_per_dim": [
      0.004322033919233338,
      0.00896072695227182,
      0.009111807294792015,
      0.0099710226136937,
      0.0044588983422108866
    ],
    "w2_per_dim": [
      0.2223259743332179,
      0.3025891954082674,
      0.522365475644077,
      0.2726286586863047,
      0.1828798180729227
    ],
    "kl_pq_per_dim": [
      0.0012766719738115495,
      0.001954925344122849,
      0.0011211417113956342,
      0.0017421463123746825,
      0.001128576522576741
    ],
    "kl_qp_per_dim": [
      0.0012679549707396434,
      0.001805589400702242,
      0.0010675133594936722,
      0.0016347877205440727,
      0.001192084747654074
    ],
    "mean_shift": 0.004691888578236103,
    "std_ratio": 0.9934226870536804
  },
  "correlation": {
    "pearson_per_dim": [
      -0.017529052151288176,
      0.01597860274881844,
      -0.0103202081236794,
      0.008241971319092316,
      0.011084910204977767
    ],
    "pearson_mean_abs": 0.012630948909571218,
    "pearson_min": -0.017529052151288176,
    "cca": {
      "canonical_correlations": [
        0.04391888538142005,
        0.034809199695822274,
        0.027051789214327014,
        0.02108799314133088,
        0.0075864953204926025
      ],
      "mean_canonical_corr": 0.02689087255067857,
      "frac_above_half": 0.0,
      "n_components": 5
    },
    "mutual_information": 0.0,
    "sliced_w2_noise": 0.22198921768911828,
    "w1_noise_mean": 0.1817665137945849,
    "w2_noise_mean": 0.2308096549590315,
    "w1_noise_per_dim": [
      0.2109458679711097,
      0.14609442192475156,
      0.13303794225267726,
      0.14946086586932988,
      0.26929347095505607
    ],
    "w2_noise_per_dim": [
      0.26174604808759366,
      0.19615736278939075,
      0.17321401850997262,
      0.1848315188131799,
      0.33809932659502046
    ],
    "kl_noise_sym": 0.08564904651799772,
    "kl_noise_pq": 0.10470434135696385,
    "kl_noise_qp": 0.06659375167903159,
    "kl_noise_pq_per_dim": [
      0.11479229706483521,
      0.0670096423044073,
      0.07184339412908478,
      0.059168745355693754,
      0.21070762793079822
    ],
    "kl_noise_qp_per_dim": [
      0.07182262716661289,
      0.0476140280551562,
      0.058212208376569964,
      0.04085180637135454,
      0.11446808842546434
    ],
    "ks_stat_zprime": 0.059139459345137146,
    "ks_pval_zprime": 1.1954657704478836e-91
  }
}