{
  "strategy": "state_region",
  "n_full": 9437,
  "n_subset": 563,
  "removal_frac": 0.2,
  "divergence": {
    "mmd": 0.0004118053722040882,
    "sliced_w2": 1.3077511941435638,
    "jsd": 0.006964910421623426,
    "kl_pq": 0.030710408006618554,
    "kl_qp": 0.05613792198789115,
    "kl_sym": 0.04342416499725484,
    "w1_mean": 0.03338446861842368,
    "w2_mean": 1.1278887654852985,
    "w1_per_dim": [
      0.03449172473000088,
      0.01535202817398694,
      0.062112206237962236,
      0.03104172071425243,
      0.026453416952111994,
      0.02444165730498649,
      0.012896878587002345,
      0.046905829316971265,
      0.019381436454018162,
      0.044404053952779,
      0.018272187106950718,
      0.04438160488279182,
      0.02716933740503888,
      0.03303918452846529,
      0.03301625094292587,
      0.09361383986570125,
      0.02974639060820455,
      0.026262937713721103,
      0.028016162044235196,
      0.015177344456873139,
      0.0348976490079178
    ],
    "w2_per_dim": [
      1.2436418338469364,
      1.2350799792985003,
      0.9328896358126391,
      1.0396861100079215,
      0.8519489788804863,
      1.2571832321102954,
      1.5551238670551912,
      1.1186080306133295,
      1.083197127193068,
      1.1689861723203012,
      0.8802999551972204,
      1.1904980032507366,
      1.376110059405993,
      1.3051079007596853,
      0.9551374439402718,
      1.1776594506757296,
      1.1052766023097307,
      1.4016693780191185,
      0.7689545287196102,
      0.9195450301848679,
      1.119060755589636
    ],
    "kl_pq_per_dim": [
      0.023164690452524804,
      0.023134374631896527,
      0.027954702754239426,
      0.03317905893431324,
      0.033414699579428546,
      0.02952248009391487,
      0.04930414900413489,
      0.032365026324342905,
      0.03442735414596373,
      0.027274365719899205,
      0.02990153466272246,
      0.03228119743020814,
      0.03198951472585299,
      0.04594609422185983,
      0.03284768836471033,
      0.032466941886229714,
      0.025003423832155893,
      0.03193351127940777,
      0.024981706139641468,
      0.02138686749022297,
      0.022439186465319845
    ],
    "kl_qp_per_dim": [
      0.038303204088967285,
      0.04816726164485811,
      0.05332505571912192,
      0.0647031835932945,
      0.05626997063395399,
      0.05277282176421183,
      0.08987820718136322,
      0.06095413840428392,
      0.062093416370263,
      0.04755467951445341,
      0.06389096362333288,
      0.057027764465238884,
      0.05221548144496083,
      0.07626407907615357,
      0.06111299221202561,
      0.04999126493101083,
      0.0432085413207669,
      0.06773434750294836,
      0.04540783671656306,
      0.04378608580692552,
      0.04423506573101661
    ],
    "mean_shift": 0.02545110695064068,
    "std_ratio": 0.9836680889129639
  },
  "correlation": {
    "pearson_per_dim": [
      0.00025237251952752647,
      0.014780262450705519,
      0.045239217116580584,
      -0.033446754371377556,
      0.052156420575344,
      -0.010555747712704703,
      0.009077946676732448,
      0.038705475097681255,
      0.009644466755186357,
      0.010128662977436474,
      0.03077804752922953,
      -0.04195396512691167,
      0.005518392747743114,
      0.024438989118414963,
      0.0533646029571154,
      -0.06033577650419017,
      -0.029749912765772626,
      0.017804586439721576,
      -0.06862269431008997,
      0.024645188844698063,
      -0.0024064129644723363
    ],
    "pearson_mean_abs": 0.027790756931506462,
    "pearson_min": -0.06862269431008997,
    "cca": {
      "canonical_correlations": [
        0.40648304075320946,
        0.34766609466713155,
        0.28477374992079724,
        0.26156897046348443,
        0.25210926705190245,
        0.24588356643570808,
        0.21608851093457399,
        0.1975921207949737,
        0.17483681905952295,
        0.16889514427999602,
        0.1593770017795205,
        0.1383383444804654,
        0.11400198335426061,
        0.09922079245673923,
        0.09149415100739246,
        0.07720102647997491,
        0.0685883430971677,
        0.042251348148899255,
        0.04141888987094281,
        0.01517399505522266,
        0.0019842982010057587
      ],
      "mean_canonical_corr": 0.16214035515680433,
      "frac_above_half": 0.0,
      "n_components": 21
    },
    "mutual_information": 0.0,
    "sliced_w2_noise": 0.15693695892213336,
    "w1_noise_mean": 0.12280118695313995,
    "w2_noise_mean": 0.14708940175385657,
    "w1_noise_per_dim": [
      0.07167683419114768,
      0.10052448311170523,
      0.11835401823833505,
      0.1713058216882734,
      0.10424038220021616,
      0.07960612026207003,
      0.2030911593498219,
      0.1392937415498192,
      0.07372337352314083,
      0.09302481053958771,
      0.08937036717336601,
      0.12501068029025003,
      0.10535308174556016,
      0.05017816308525192,
      0.15162168746337717,
      0.09947047284379357,
      0.10578604396366467,
      0.07024320177891047,
      0.29455022650390783,
      0.08682155763861915,
      0.24557869887512115
    ],
    "w2_noise_per_dim": [
      0.11125229265598145,
      0.12490043899512947,
      0.13952806579519617,
      0.19359855874633436,
      0.12547004974330642,
      0.1149656894286557,
      0.23009016636621782,
      0.15802565939343974,
      0.09651905979070563,
      0.10905229236368805,
      0.11922895667033173,
      0.15578253762865865,
      0.1300279789714804,
      0.08211232426901659,
      0.16355021432739547,
      0.12721363477935893,
      0.12539933785719548,
      0.12178465320076273,
      0.3009473860476247,
      0.09628205619293176,
      0.2631460836075766
    ],
    "kl_noise_sym": 0.024651680745987135,
    "kl_noise_pq": 0.025306344766926794,
    "kl_noise_qp": 0.023997016725047466,
    "kl_noise_pq_per_dim": [
      0.020650446129423815,
      0.019660307873916955,
      0.020541489523812777,
      0.02340735601574164,
      0.03215125142238074,
      0.031908927333123324,
      0.04236625744934575,
      0.026636437539478662,
      0.014643234598957852,
      0.010510791213117179,
      0.02186943099262848,
      0.0213351676171726,
      0.023291067436192178,
      0.016869902178234336,
      0.021380454926479053,
      0.015836880005431195,
      0.01965256190808979,
      0.03676165674662985,
      0.06007611721068522,
      0.007441524399486196,
      0.04444197758513509
    ],
    "kl_noise_qp_per_dim": [
      0.01882431842229245,
      0.01803907379079999,
      0.018531748631549536,
      0.025183968674033594,
      0.026958154540841908,
      0.015205866205084486,
      0.047833914240907535,
      0.026127865886390447,
      0.01511667422153039,
      0.013093652949247008,
      0.018958129798661495,
      0.02355058299183626,
      0.01965191972165398,
      0.01103598177569871,
      0.017818022347158596,
      0.020144295047212546,
      0.020646490362990145,
      0.02747936311907942,
      0.06356476964312437,
      0.008329109101410295,
      0.047843449754493686
    ],
    "ks_stat_zprime": 0.029899338258803643,
    "ks_pval_zprime": 1.2889731748400271e-09
  }
}