{
  "strategy": "state_region",
  "n_full": 9379,
  "n_subset": 621,
  "removal_frac": 0.2,
  "divergence": {
    "mmd": 0.04357129161494255,
    "sliced_w2": 0.8923975108843862,
    "jsd": 0.057219000975104906,
    "kl_pq": 0.40095388191173786,
    "kl_qp": 0.1782096224730511,
    "kl_sym": 0.28958175219239446,
    "w1_mean": 0.12146786124538153,
    "w2_mean": 0.8458736247667348,
    "w1_per_dim": [
      0.11379339009207041,
      0.19354427856939496,
      0.1284865017898198,
      0.1443196181833905,
      0.02719551759223199
    ],
    "w2_per_dim": [
      0.6692917029425862,
      1.01382665133199,
      1.159999114770664,
      0.9399527462637924,
      0.4462979085246411
    ],
    "kl_pq_per_dim": [
      0.9488695560595866,
      0.5234952848458403,
      0.11643338791918618,
      0.35442891569851576,
      0.06154226503556028
    ],
    "kl_qp_per_dim": [
      0.21712902425277528,
      0.30412416819895854,
      0.1030315841394619,
      0.19841482668417884,
      0.06834850908988092
    ],
    "mean_shift": 0.02597651444375515,
    "std_ratio": 0.6515412330627441
  },
  "correlation": {
    "pearson_per_dim": [
      0.04839751599367445,
      0.014996139226799942,
      0.03400126657539668,
      0.03221549988232113,
      -0.016863662476499827
    ],
    "pearson_mean_abs": 0.02929481683093841,
    "pearson_min": -0.016863662476499827,
    "cca": {
      "canonical_correlations": [
        0.11334757514363997,
        0.09494946341911135,
        0.05653372890050919,
        0.03706459697280184,
        0.005587287553890917
      ],
      "mean_canonical_corr": 0.061496530397990655,
      "frac_above_half": 0.0,
      "n_components": 5
    },
    "mutual_information": 0.0,
    "sliced_w2_noise": 0.2826012373966209,
    "w1_noise_mean": 0.22335472851093702,
    "w2_noise_mean": 0.2861273820947495,
    "w1_noise_per_dim": [
      0.2667463839741352,
      0.23411671417516366,
      0.18680309154762137,
      0.18978551547138633,
      0.2393219373863784
    ],
    "w2_noise_per_dim": [
      0.3306027390972111,
      0.2947339670175162,
      0.24593182009411266,
      0.23557349142561954,
      0.32379489283928814
    ],
    "kl_noise_sym": 0.16545637774886562,
    "kl_noise_pq": 0.23679142363952735,
    "kl_noise_qp": 0.09412133185820387,
    "kl_noise_pq_per_dim": [
      0.250171838083381,
      0.20117446740660316,
      0.18665445548280082,
      0.13368851535978393,
      0.4122678418650679
    ],
    "kl_noise_qp_per_dim": [
      0.11878716048618679,
      0.10389009357046816,
      0.06975388691268498,
      0.06683900731498084,
      0.11133651100669863
    ],
    "ks_stat_zprime": 0.08887244666360028,
    "ks_pval_zprime": 8.66403326203086e-22
  }
}