{
  "strategy": "random",
  "n_full": 3000,
  "n_subset": 7000,
  "removal_frac": 0.7,
  "divergence": {
    "mmd": 0.0007395508814080909,
    "sliced_w2": 0.6602549285935723,
    "jsd": 0.0017391104438607495,
    "kl_pq": 0.004793902788887571,
    "kl_qp": 0.004017588719121734,
    "kl_sym": 0.004405745754004651,
    "w1_mean": 0.01567478155415049,
    "w2_mean": 0.7427276538517651,
    "w1_per_dim": [
      0.012011736530677547,
      0.015057851625672943,
      0.023162474228557023,
      0.009723010129073548,
      0.010593389096048976,
      0.00893909737773772,
      0.016237463818973907,
      0.015697423462190534,
      0.01791736997383469,
      0.014531020460262273,
      0.010762017360223192,
      0.01184741079351599,
      0.030118530359418527,
      0.027980168735187147,
      0.013656658452868991,
      0.03354283163302933,
      0.022771987202089457,
      0.009335692928904401,
      0.006988172622818853,
      0.00813640626156259,
      0.01015969958451266
    ],
    "w2_per_dim": [
      0.7185718704401807,
      0.7133206791369752,
      0.740503265398706,
      0.764451236414904,
      0.7254800501013393,
      0.8408230324046706,
      0.6971568802761611,
      0.7732312171714075,
      0.850956224725129,
      0.745724245055057,
      0.6601402041605592,
      0.8538670710199828,
      0.7948388203643879,
      0.9162729358617463,
      0.8163066435923628,
      0.7896220775327103,
      0.7968302270436101,
      0.6987611869621366,
      0.6484173215230501,
      0.6534366856423564,
      0.39856885605963227
    ],
    "kl_pq_per_dim": [
      0.0034756281292012553,
      0.00396401604588832,
      0.004412573646383389,
      0.00424253347442404,
      0.004321603538143887,
      0.004221615681383378,
      0.0068272883233983835,
      0.004504447895729942,
      0.007507624672322057,
      0.003993682297039912,
      0.003107719460292537,
      0.004743488235734311,
      0.004974303376381502,
      0.00710565543448336,
      0.005521588046053419,
      0.005208738858846429,
      0.004226754770312662,
      0.004782436090359558,
      0.0046528664783482415,
      0.003374748958221231,
      0.005502645153691169
    ],
    "kl_qp_per_dim": [
      0.002879190233315453,
      0.00330364646784791,
      0.0036744908086415486,
      0.003539602609523286,
      0.0038811163909936415,
      0.0034859662400174756,
      0.005676003081149182,
      0.0037458337482124127,
      0.006087562678913475,
      0.0031987924177895406,
      0.0026101756835436455,
      0.004169018400184179,
      0.004464004708852196,
      0.005819848257262141,
      0.0045601261279007085,
      0.004627400617427793,
      0.0037970541900406076,
      0.004023605511160188,
      0.0038574406634607162,
      0.0026253104618372165,
      0.0043431738034831
    ],
    "mean_shift": 0.013548190705478191,
    "std_ratio": 1.0013742446899414
  },
  "correlation": {
    "pearson_per_dim": [
      -0.005870211402116622,
      -0.00743244993953845,
      -0.00645246855743786,
      0.003049194451313787,
      -0.014269307848459404,
      -0.0011334116550463192,
      -0.003377552921914509,
      0.013444304690313229,
      0.015571809951239704,
      -0.002121838740853195,
      -0.011592479776547362,
      0.0018714431131784516,
      0.009266368739342125,
      0.0005063195516596802,
      -0.003776424726488107,
      0.013575644793389846,
      -0.015417049985587947,
      -0.012338345209234144,
      -0.017408539691926392,
      -0.00941924791719449,
      -0.013798073981764882
    ],
    "pearson_mean_abs": 0.008652023221168884,
    "pearson_min": -0.017408539691926392,
    "cca": {
      "canonical_correlations": [
        0.1038280338357087,
        0.09223621158893562,
        0.08686054662508406,
        0.08328072715448573,
        0.07767890957464749,
        0.0668191164790783,
        0.06107643388293492,
        0.05910769806873144,
        0.05615882698299391,
        0.046692809765189296,
        0.04550170940167129,
        0.03994725544523118,
        0.036933351689389986,
        0.030353283437878326,
        0.02686036524511521,
        0.02112523066458776,
        0.015941206097232746,
        0.014133160139576448,
        0.01050978170796316,
        0.0072662595679376515,
        0.0020509620581162305
      ],
      "mean_canonical_corr": 0.04687437521011854,
      "frac_above_half": 0.0,
      "n_components": 21
    },
    "mutual_information": 0.0,
    "sliced_w2_noise": 0.12628650112569362,
    "w1_noise_mean": 0.10443222927534651,
    "w2_noise_mean": 0.11933495073573142,
    "w1_noise_per_dim": [
      0.042231204242416415,
      0.050504742641663006,
      0.11994308422387778,
      0.07188757312910664,
      0.15332893355720442,
      0.07157188132188663,
      0.22276699018932725,
      0.05304043788478883,
      0.09965268505992883,
      0.06727155749463626,
      0.05184825242740666,
      0.07307146327939283,
      0.08122848637904412,
      0.09344623539370617,
      0.09532845785158031,
      0.06979151760836666,
      0.06177960192144798,
      0.09312040530484018,
      0.24707457518796272,
      0.10895672694808328,
      0.2652320027356098
    ],
    "w2_noise_per_dim": [
      0.05223970062261939,
      0.06219655752290272,
      0.1284256580622392,
      0.08475409923693962,
      0.17292420931613106,
      0.09473592862594098,
      0.24002619600492467,
      0.0672501832635271,
      0.11772584795657938,
      0.08361016843175902,
      0.0655467994588071,
      0.08318101482931962,
      0.10204035660599466,
      0.1177402005737537,
      0.1179982862457307,
      0.08171814587440898,
      0.07370919271202027,
      0.11289592440731443,
      0.2555197526564986,
      0.11889210424878782,
      0.2729036387941607
    ],
    "kl_noise_sym": 0.019173587803042187,
    "kl_noise_pq": 0.019234518146291766,
    "kl_noise_qp": 0.019112657459792598,
    "kl_noise_pq_per_dim": [
      0.005727797695522734,
      0.0066856518045548124,
      0.01794383276885802,
      0.008698342273063153,
      0.028395019267635935,
      0.0131824076701597,
      0.054661821679734476,
      0.0101868410903979,
      0.020727356541354894,
      0.010968183065809465,
      0.009218714582465353,
      0.011466956692540345,
      0.01978506381332017,
      0.02790227391717344,
      0.020614473783317634,
      0.010540390048430732,
      0.009673027772468711,
      0.020424813495698357,
      0.039575683339207496,
      0.013893274055313938,
      0.04365295571509986
    ],
    "kl_noise_qp_per_dim": [
      0.006338280426677894,
      0.006424664576098291,
      0.01656417302397667,
      0.008270912339792685,
      0.031269221981350355,
      0.014193337268035459,
      0.05929355269628446,
      0.009085048760838857,
      0.017496670061256353,
      0.009229190663134313,
      0.007213445117996691,
      0.01316110814323897,
      0.01597642639628817,
      0.026673753416114995,
      0.019723086756586555,
      0.010806432869268516,
      0.009342483965110244,
      0.02164135264445496,
      0.0423831571267546,
      0.012285255170794537,
      0.04399425325159098
    ],
    "ks_stat_zprime": 0.02727783575895326,
    "ks_pval_zprime": 1.8683778291614492e-95
  }
}