{
  "strategy": "state_region",
  "n_full": 5093,
  "n_subset": 4907,
  "removal_frac": 0.7,
  "divergence": {
    "mmd": 0.008867170641812194,
    "sliced_w2": 0.08055013283298827,
    "jsd": 0.012888644312123675,
    "kl_pq": 0.0478268526395197,
    "kl_qp": 0.044344630890362245,
    "kl_sym": 0.04608574176494097,
    "w1_mean": 0.06267528560263212,
    "w2_mean": 0.07732436952995947,
    "w1_per_dim": [
      0.057961564533515884,
      0.09845628993752378,
      0.0647107348633543,
      0.07741731550968355,
      0.014830523169083105
    ],
    "w2_per_dim": [
      0.05552711398953064,
      0.11392001610011915,
      0.09651732798295784,
      0.10291689561446903,
      0.017740493962720687
    ],
    "kl_pq_per_dim": [
      0.05277133785934583,
      0.08210743613645297,
      0.026794995510545726,
      0.06569259887552,
      0.01176789481573396
    ],
    "kl_qp_per_dim": [
      0.04613218435631783,
      0.07666872611437422,
      0.026060606065903675,
      0.0599366397521011,
      0.012924998163114394
    ],
    "mean_shift": 0.018632065504789352,
    "std_ratio": 0.8742397427558899
  },
  "correlation": {
    "pearson_per_dim": [
      -0.00029157178047287466,
      0.030091823715151397,
      -0.003105608971412448,
      0.013096828417160861,
      0.013671059102764017
    ],
    "pearson_mean_abs": 0.012051378397392318,
    "pearson_min": -0.003105608971412448,
    "cca": {
      "canonical_correlations": [
        0.044873656549383384,
        0.03301768579979624,
        0.023751928125717057,
        0.010765013142066824,
        0.0024614862175412113
      ],
      "mean_canonical_corr": 0.022973953966900943,
      "frac_above_half": 0.0,
      "n_components": 5
    },
    "mutual_information": 0.0,
    "sliced_w2_noise": 0.24595300309115345,
    "w1_noise_mean": 0.200724606514508,
    "w2_noise_mean": 0.25340097609808787,
    "w1_noise_per_dim": [
      0.24111074467329296,
      0.1600267564347534,
      0.1536948598490892,
      0.16070424636919106,
      0.2880864252462133
    ],
    "w2_noise_per_dim": [
      0.2969977697454856,
      0.2117799649931354,
      0.19453175572240497,
      0.2068023622052828,
      0.35689302782413074
    ],
    "kl_noise_sym": 0.10156860408528909,
    "kl_noise_pq": 0.1252370897234504,
    "kl_noise_qp": 0.07790011844712781,
    "kl_noise_pq_per_dim": [
      0.1633224078601419,
      0.07713892471052802,
      0.07630871334536618,
      0.08692076761961663,
      0.22249463508159928
    ],
    "kl_noise_qp_per_dim": [
      0.09759309641643363,
      0.05496027139251111,
      0.06112203234744295,
      0.048590808118076034,
      0.12723438396117534
    ],
    "ks_stat_zprime": 0.06615756134507972,
    "ks_pval_zprime": 8.280037739113964e-94
  }
}