{
  "strategy": "state_region",
  "n_full": 3461,
  "n_subset": 6539,
  "removal_frac": 0.8,
  "divergence": {
    "mmd": 0.0008156416986579984,
    "sliced_w2": 0.5548084422276753,
    "jsd": 0.001917342713497706,
    "kl_pq": 0.004561822282124936,
    "kl_qp": 0.004140185557062479,
    "kl_sym": 0.0043510039195937085,
    "w1_mean": 0.02766286579512994,
    "w2_mean": 0.6166332154352189,
    "w1_per_dim": [
      0.014082297040472095,
      0.025759043158031042,
      0.010594224259011733,
      0.04416628439777128,
      0.035144712030458894,
      0.04266441139457299,
      0.006814959378444358,
      0.032609294459348674,
      0.045146233238266796,
      0.019340396497014713,
      0.014272622525202986,
      0.018655150732037617,
      0.04600667880954416,
      0.08254888762056078,
      0.025111740949957634,
      0.01664947590796065,
      0.028909032611555568,
      0.026442938221981103,
      0.020928928556950454,
      0.0157401183325783,
      0.009332751576007037
    ],
    "w2_per_dim": [
      0.5708058875317277,
      0.6130133033029611,
      0.6738241084678831,
      0.6299055660055166,
      0.6314351893559245,
      0.623390579628043,
      0.49940867172481906,
      0.6913070003682018,
      0.7903745007033062,
      0.6054205193451875,
      0.5865613405604834,
      0.7050569077298372,
      0.5304376435583152,
      0.8327471884453339,
      0.7006689862754325,
      0.6185200827368419,
      0.6336491617320695,
      0.5460719570417158,
      0.5705693433346598,
      0.574039820280678,
      0.3220897660106577
    ],
    "kl_pq_per_dim": [
      0.00414910316817702,
      0.002760691611995547,
      0.002683304213593865,
      0.00507401183971902,
      0.004248498824005676,
      0.004531927766311103,
      0.0034131588552322764,
      0.003866880010974967,
      0.007141051860026219,
      0.0019524995031761187,
      0.002358434888585963,
      0.004091866900957355,
      0.008576121760479609,
      0.009429001062861181,
      0.004216531232446377,
      0.0037196502200269664,
      0.005708122402709643,
      0.006124810737059469,
      0.005588317603987487,
      0.0037726252790844343,
      0.002391658183213379
    ],
    "kl_qp_per_dim": [
      0.0034549582255047305,
      0.0025950795769939562,
      0.0024186793999144054,
      0.004753181731454871,
      0.0037764536920651404,
      0.004238656885835197,
      0.003061082913629642,
      0.0034909499705924538,
      0.0068826096850763616,
      0.0017732035349115015,
      0.002187553127717236,
      0.003586788432187283,
      0.007476716251294438,
      0.00888470650732067,
      0.004026289976254621,
      0.0032607253781673433,
      0.00490418072642539,
      0.0054582271518713085,
      0.004872714602364248,
      0.003545375120963791,
      0.0022957638077674893
    ],
    "mean_shift": 0.0243102815002203,
    "std_ratio": 0.9990512132644653
  },
  "correlation": {
    "pearson_per_dim": [
      -0.00896942555662191,
      0.004290029286980494,
      -0.004939761676080679,
      0.009117947508526143,
      -0.012402284865151016,
      -0.002322308076091218,
      0.0012227493136716485,
      -0.0010229358319593814,
      0.016590451576870526,
      0.01197071316670731,
      -0.0013773775964430212,
      0.00360243629919007,
      0.005651844285716625,
      -0.0008772292713867532,
      -0.014229135615211993,
      0.01686245565372908,
      -0.023325378731286456,
      -0.02582670505282574,
      -0.01971715055513535,
      -0.01034220651348786,
      0.003221278302603676
    ],
    "pearson_mean_abs": 0.009422943082651283,
    "pearson_min": -0.02582670505282574,
    "cca": {
      "canonical_correlations": [
        0.10142042251993498,
        0.09729529872734755,
        0.0875542135522965,
        0.08001145949164852,
        0.07854613725000925,
        0.07233772781607922,
        0.06508172131004956,
        0.059284427479027645,
        0.05232744303558724,
        0.048097109877739984,
        0.04634655456883775,
        0.03819625290535234,
        0.03387392285555713,
        0.03252803554857527,
        0.02579470382978502,
        0.020707733916941588,
        0.01867919256039826,
        0.013811323992571286,
        0.007633866843052041,
        0.006464762082342154,
        0.0014512819060009078
      ],
      "mean_canonical_corr": 0.04702112343186353,
      "frac_above_half": 0.0,
      "n_components": 21
    },
    "mutual_information": 0.0,
    "sliced_w2_noise": 0.1199619418439315,
    "w1_noise_mean": 0.09942877494366115,
    "w2_noise_mean": 0.11530307005571155,
    "w1_noise_per_dim": [
      0.0356682261368733,
      0.038854953120717274,
      0.12447823746988645,
      0.08443896453298688,
      0.11907677990278115,
      0.08887519396288182,
      0.22846679294252414,
      0.054742384564280405,
      0.08257809474822893,
      0.06716831019125219,
      0.0573743552526173,
      0.07955813750047548,
      0.07053213012165109,
      0.08164307808669594,
      0.09927329672969784,
      0.07249740818317182,
      0.05355735093823119,
      0.08505162375269337,
      0.21323595066395826,
      0.09196335668450036,
      0.25896964833077896
    ],
    "w2_noise_per_dim": [
      0.051204763594656554,
      0.04765950445515883,
      0.13730020714244706,
      0.09886565348813549,
      0.1475312234197775,
      0.10934187138108467,
      0.2469946883875667,
      0.07009167702567776,
      0.10795312073083656,
      0.07931308047977184,
      0.07126511686317023,
      0.0940507532282337,
      0.08542821901103186,
      0.10361630269179502,
      0.12455521434510089,
      0.083587642377046,
      0.06553839394381364,
      0.10589505977864719,
      0.2248381208972494,
      0.10083563601443589,
      0.2654982219143063
    ],
    "kl_noise_sym": 0.018715915321349648,
    "kl_noise_pq": 0.01870459951454039,
    "kl_noise_qp": 0.018727231128158904,
    "kl_noise_pq_per_dim": [
      0.005885007226515639,
      0.0051481654960883385,
      0.021141636354781876,
      0.010980857994367422,
      0.026924451432579863,
      0.015821058076083895,
      0.058031402670733354,
      0.00938742755934288,
      0.020165234511804773,
      0.00986670864781216,
      0.009658255043154002,
      0.013110593568266986,
      0.01309171266416588,
      0.02332169860616179,
      0.022813137476646785,
      0.011068679601071297,
      0.009054786330288146,
      0.01727139423119561,
      0.03805977056203612,
      0.009982363006705169,
      0.04201224874554618
    ],
    "kl_noise_qp_per_dim": [
      0.005807345958972815,
      0.004756005549819741,
      0.019631792138380406,
      0.01099774426467132,
      0.029200652957219013,
      0.01555260599905563,
      0.0649148110654842,
      0.009249875614353047,
      0.018323426103323485,
      0.00838287644099147,
      0.008188033530693943,
      0.01606313738096301,
      0.011485533919108736,
      0.02199150414252156,
      0.020811142391108733,
      0.01146640754809717,
      0.008179641597340831,
      0.019574210114381922,
      0.037328315376984195,
      0.009043388814656265,
      0.04232340278320959
    ],
    "ks_stat_zprime": 0.026424973051949324,
    "ks_pval_zprime": 9.867163596831801e-84
  }
}