{
  "strategy": "state_region",
  "n_full": 6269,
  "n_subset": 3731,
  "removal_frac": 0.6,
  "divergence": {
    "mmd": 0.00011465910978813998,
    "sliced_w2": 0.48612290521132356,
    "jsd": 0.0016806396446833781,
    "kl_pq": 0.002644920543900326,
    "kl_qp": 0.00276716025014449,
    "kl_sym": 0.0027060403970224083,
    "w1_mean": 0.019151877253027298,
    "w2_mean": 0.5272185049590478,
    "w1_per_dim": [
      0.017090970651676213,
      0.010026490246626453,
      0.018250902588584063,
      0.03585884023563568,
      0.035046919687140556,
      0.007407261270383362,
      0.017127983871719536,
      0.012482700024402896,
      0.035704719859231966,
      0.017466046531314963,
      0.013472727631905646,
      0.013728979460776685,
      0.017359241803299928,
      0.026716556738491402,
      0.006585336230528068,
      0.04435088797065638,
      0.01489510023862277,
      0.010002499923503858,
      0.019467597838133826,
      0.018907074382890042,
      0.010240585128048854
    ],
    "w2_per_dim": [
      0.4705532945378117,
      0.490747577716441,
      0.5798703720863,
      0.6276189201195106,
      0.6351396748881193,
      0.5568364745936895,
      0.4224777249557372,
      0.5613607714756168,
      0.6279650957192275,
      0.5157554299870997,
      0.5581874204808575,
      0.5755394058676283,
      0.4652355270986966,
      0.5695516957883532,
      0.6482053536355163,
      0.4660689962925237,
      0.5710101104869653,
      0.4438392579840586,
      0.5253121777047641,
      0.48980388499309413,
      0.2705094377279907
    ],
    "kl_pq_per_dim": [
      0.003178569397896038,
      0.0017186160287571313,
      0.0020490594942302355,
      0.0043529930073683745,
      0.0047667253713324365,
      0.002136494590729259,
      0.0027177312426689432,
      0.0021215908318978263,
      0.003529138786170307,
      0.001795148553257516,
      0.0032391432172869114,
      0.002118410548594586,
      0.0024154650045381965,
      0.0027660207196968326,
      0.00137663539401843,
      0.0043967409983040814,
      0.0027638839498702553,
      0.0016188006790861286,
      0.002959164754035232,
      0.001870741583138543,
      0.001652257269029584
    ],
    "kl_qp_per_dim": [
      0.0031530638134256266,
      0.001927070829105172,
      0.002210039539431649,
      0.004605504188428982,
      0.004824256339512225,
      0.002401537434859242,
      0.002894026143265907,
      0.002283232533923313,
      0.003833271787474106,
      0.0019175050053417061,
      0.0034216039294980086,
      0.0021672128731925287,
      0.0024630098623413827,
      0.0029575470169602106,
      0.0015591280664024284,
      0.004507970863655463,
      0.002806841541712927,
      0.0016741458539551936,
      0.002959260235484717,
      0.002021419905366582,
      0.0015227174896969209
    ],
    "mean_shift": 0.0152818588539958,
    "std_ratio": 0.9924985766410828
  },
  "correlation": {
    "pearson_per_dim": [
      -0.016218474307743248,
      0.017967288593466243,
      0.014175877452268424,
      0.000536305295787815,
      -0.010756616034081378,
      -0.0015095606993475003,
      0.005494859366405026,
      0.0013928759622502734,
      0.017018656639006275,
      -0.002006902411770294,
      -0.008263690739489113,
      0.007817276127072103,
      0.015431412058644215,
      -0.0019509418588285047,
      -0.016378523843079668,
      0.005702416743952607,
      -0.028946367614161198,
      -0.02304405083034613,
      -0.01007030363526324,
      -0.014465576385085456,
      -0.009339533375946665
    ],
    "pearson_mean_abs": 0.010880357617809302,
    "pearson_min": -0.028946367614161198,
    "cca": {
      "canonical_correlations": [
        0.14002616730801007,
        0.12979025379068956,
        0.11975004663659461,
        0.10967946035022356,
        0.10173454801781354,
        0.08474316241549094,
        0.08373360954314397,
        0.07438027829992515,
        0.06792828655822993,
        0.06351734151862688,
        0.06191827484137068,
        0.047553371609419824,
        0.043993361627730584,
        0.04059091925239839,
        0.03248608622926649,
        0.026475365614515755,
        0.02297209933016152,
        0.016826623920479532,
        0.014559915995475719,
        0.006461092732082247,
        0.0024044583028470326
      ],
      "mean_canonical_corr": 0.061501177328309335,
      "frac_above_half": 0.0,
      "n_components": 21
    },
    "mutual_information": 0.0,
    "sliced_w2_noise": 0.11980766986917561,
    "w1_noise_mean": 0.09897741635416366,
    "w2_noise_mean": 0.11526190678478677,
    "w1_noise_per_dim": [
      0.028876754332066594,
      0.04656960010524571,
      0.12843518152467642,
      0.06725669861491906,
      0.10052304966607375,
      0.07223751068709512,
      0.25350764809249005,
      0.05034572011768588,
      0.1140130062462626,
      0.06326067255748294,
      0.05659862493340473,
      0.08466966947205781,
      0.05155961913449368,
      0.0912510031060883,
      0.12409870489951334,
      0.08315945733834867,
      0.05016090954983164,
      0.0799886324020469,
      0.19033770192011953,
      0.0923402863348878,
      0.24933529240264646
    ],
    "w2_noise_per_dim": [
      0.04056700009911306,
      0.05852743620575245,
      0.14057658340566692,
      0.0831558338244025,
      0.12892580854604327,
      0.08791831795494459,
      0.2765088598215927,
      0.07298755841393584,
      0.136416878862746,
      0.07528818137037138,
      0.07816648548206259,
      0.10631959539969585,
      0.07385325714176329,
      0.10829543468447644,
      0.13892336479425813,
      0.09417581669304927,
      0.06109940971444419,
      0.10107047286410409,
      0.20266616437233873,
      0.0979928190788675,
      0.2570647637508932
    ],
    "kl_noise_sym": 0.018501825256573918,
    "kl_noise_pq": 0.018900690758573764,
    "kl_noise_qp": 0.01810295975457408,
    "kl_noise_pq_per_dim": [
      0.004168483193477744,
      0.005844826473075299,
      0.02244318675882333,
      0.009072177896658665,
      0.02547756684998545,
      0.009835393481605597,
      0.06299623072418173,
      0.009609826427060656,
      0.021780883722055052,
      0.011385254765788732,
      0.012667555158184095,
      0.01532736067897986,
      0.01309372017582423,
      0.023702987034839113,
      0.02184877537964884,
      0.011863303297730873,
      0.008241255309014109,
      0.015740700163836746,
      0.038784689241906686,
      0.007635193835703942,
      0.04539513536166827
    ],
    "kl_noise_qp_per_dim": [
      0.004413460531119616,
      0.005452401059431384,
      0.019094797601885982,
      0.009016652274807576,
      0.026089276174786437,
      0.009841317358704155,
      0.06992949188551673,
      0.010065821905667507,
      0.019844506476782896,
      0.009093857206182727,
      0.00881234375523533,
      0.01659254826413957,
      0.00959337117299348,
      0.023432377258812337,
      0.0196474137701253,
      0.012053803736185201,
      0.008263454873395873,
      0.01798345936885662,
      0.03244120235912199,
      0.007551735285216028,
      0.040948862527088875
    ],
    "ks_stat_zprime": 0.02465342243147342,
    "ks_pval_zprime": 8.419765320914216e-42
  }
}