{
  "strategy": "random",
  "n_full": 6500,
  "n_subset": 3500,
  "removal_frac": 0.35,
  "divergence": {
    "mmd": 0.0003686964404561177,
    "sliced_w2": 0.6225537695905923,
    "jsd": 0.0017718697251724136,
    "kl_pq": 0.003013944287140822,
    "kl_qp": 0.0032796560990241263,
    "kl_sym": 0.0031468001930824744,
    "w1_mean": 0.02143448001001245,
    "w2_mean": 0.6686672532903537,
    "w1_per_dim": [
      0.0329656068616557,
      0.015988488410589297,
      0.03460414117880697,
      0.005647385719764444,
      0.02557460927991913,
      0.020903773906927273,
      0.019488628904846917,
      0.016303205817589882
    ],
    "w2_per_dim": [
      0.7448545612428472,
      0.6284812789101578,
      0.6344340154584646,
      0.7848417892378489,
      0.81544058221727,
      0.5655061711494519,
      0.7289349750741169,
      0.44684465303267296
    ],
    "kl_pq_per_dim": [
      0.004738030928331456,
      0.0025312850055820135,
      0.0038726836822598407,
      0.002691471181622104,
      0.0028989108436175692,
      0.0027235963562411893,
      0.002528866519249164,
      0.002126709780223241
    ],
    "kl_qp_per_dim": [
      0.004838757221169228,
      0.002900646904830196,
      0.004296983247239285,
      0.0030910372996864614,
      0.0031226422280141407,
      0.00281889418805353,
      0.002782006262610973,
      0.002386281440589196
    ],
    "mean_shift": 0.020462479442358017,
    "std_ratio": 0.9955267906188965
  },
  "correlation": {
    "pearson_per_dim": [
      -0.0004536936805901199,
      -0.016163687822092866,
      0.022821881987095827,
      0.0036901601327692254,
      0.025526597485062058,
      0.028744175186440114,
      -0.02740385375535489,
      -0.008960108167066225
    ],
    "pearson_mean_abs": 0.016720519777058913,
    "pearson_min": -0.02740385375535489,
    "cca": {
      "canonical_correlations": [
        0.08569247814856179,
        0.07811916432762696,
        0.06123060632951472,
        0.04719861230299134,
        0.04448048212570601,
        0.03607820138181501,
        0.01467455391665773,
        0.004562927943355987
      ],
      "mean_canonical_corr": 0.046504628309528694,
      "frac_above_half": 0.0,
      "n_components": 8
    },
    "mutual_information": 0.0,
    "sliced_w2_noise": 0.13557840930695447,
    "w1_noise_mean": 0.11701535219522755,
    "w2_noise_mean": 0.13630292116323828,
    "w1_noise_per_dim": [
      0.0863733181046056,
      0.18893772596254294,
      0.06473634937185646,
      0.23420601568008922,
      0.08168359472386405,
      0.0432671614252322,
      0.08261469091666263,
      0.15430396137696722
    ],
    "w2_noise_per_dim": [
      0.10315064665865613,
      0.1955602679123396,
      0.08540545684722199,
      0.2603327771539225,
      0.10301655538422685,
      0.0761936652441387,
      0.10629036763897928,
      0.16047363246642132
    ],
    "kl_noise_sym": 0.023585939282398362,
    "kl_noise_pq": 0.023753923709242918,
    "kl_noise_qp": 0.023417954855553803,
    "kl_noise_pq_per_dim": [
      0.019317390063198367,
      0.025715824386888977,
      0.018379322797685275,
      0.05190351477252741,
      0.022098308617436543,
      0.013461828780439543,
      0.02120326257962738,
      0.017951937676139826
    ],
    "kl_noise_qp_per_dim": [
      0.018193434955686108,
      0.029542233123894257,
      0.014096698911374227,
      0.058900752811737095,
      0.020729723560525957,
      0.00862114890062421,
      0.019580907529302635,
      0.01767873905128594
    ],
    "ks_stat_zprime": 0.031048040612783045,
    "ks_pval_zprime": 6.961651459268722e-24
  }
}