{
  "strategy": "random",
  "n_full": 8000,
  "n_subset": 2000,
  "removal_frac": 0.2,
  "divergence": {
    "mmd": 0.0,
    "sliced_w2": 0.5967970965577393,
    "jsd": 0.0019748653307660475,
    "kl_pq": 0.006861957794806197,
    "kl_qp": 0.00796552196080625,
    "kl_sym": 0.007413739877806224,
    "w1_mean": 0.009437269231783289,
    "w2_mean": 0.5533855281444515,
    "w1_per_dim": [
      0.006129198749449195,
      0.015661418702577746,
      0.0073510212332867034,
      0.011591948127538446,
      0.006452759346064343
    ],
    "w2_per_dim": [
      0.38559392313956,
      0.5808571545064366,
      0.9095001421120359,
      0.5305248399836079,
      0.36045158098061714
    ],
    "kl_pq_per_dim": [
      0.0037479648321530625,
      0.007991044188161718,
      0.009876021727770584,
      0.008434778714842495,
      0.004259979511103123
    ],
    "kl_qp_per_dim": [
      0.004157490240544777,
      0.008814950975478655,
      0.013091856599250468,
      0.009683146282601711,
      0.004080165706155646
    ],
    "mean_shift": 0.0065049901604652405,
    "std_ratio": 0.9940239191055298
  },
  "correlation": {
    "pearson_per_dim": [
      -0.022078062114132546,
      0.03004860664786283,
      0.011475515121203445,
      0.009751623410024415,
      0.03103139516388826
    ],
    "pearson_mean_abs": 0.020877040491422298,
    "pearson_min": -0.022078062114132546,
    "cca": {
      "canonical_correlations": [
        0.10543671008540573,
        0.06445194243291419,
        0.059915498594968204,
        0.03268330246851806,
        0.0030306905958144984
      ],
      "mean_canonical_corr": 0.05310362883552414,
      "frac_above_half": 0.0,
      "n_components": 5
    },
    "mutual_information": 0.0,
    "sliced_w2_noise": 0.23215942527691172,
    "w1_noise_mean": 0.18782082894980265,
    "w2_noise_mean": 0.2402060181178452,
    "w1_noise_per_dim": [
      0.20168490127092809,
      0.16295351460145324,
      0.1500406225255574,
      0.1541029764174309,
      0.2703221299336437
    ],
    "w2_noise_per_dim": [
      0.2541448733627348,
      0.21079380334743486,
      0.18876108250378595,
      0.2017432673083788,
      0.3455870640668915
    ],
    "kl_noise_sym": 0.10283699066998904,
    "kl_noise_pq": 0.13637186664144568,
    "kl_noise_qp": 0.06930211469853242,
    "kl_noise_pq_per_dim": [
      0.10951020338020957,
      0.07954915322681388,
      0.07499094908730358,
      0.07673326480464526,
      0.3410757627082561
    ],
    "kl_noise_qp_per_dim": [
      0.06587296364280869,
      0.053953344832323814,
      0.05949978323239633,
      0.04527501293566698,
      0.12190946884946628
    ],
    "ks_stat_zprime": 0.06345327544620855,
    "ks_pval_zprime": 1.9050234811042385e-35
  }
}