{
  "strategy": "random",
  "n_full": 2000,
  "n_subset": 8000,
  "removal_frac": 0.8,
  "divergence": {
    "mmd": 0.0,
    "sliced_w2": 0.596935758612772,
    "jsd": 0.002404851233873474,
    "kl_pq": 0.008008161612010557,
    "kl_qp": 0.006572522712150761,
    "kl_sym": 0.007290342162080657,
    "w1_mean": 0.013333559089168648,
    "w2_mean": 0.5515055275311319,
    "w1_per_dim": [
      0.008996925069182905,
      0.015011117236677592,
      0.02804456661030599,
      0.007079494507669325,
      0.0075356920220074255
    ],
    "w2_per_dim": [
      0.3920023737950606,
      0.5521526819682752,
      0.9284592744007519,
      0.5151663023334538,
      0.36974700515811754
    ],
    "kl_pq_per_dim": [
      0.004260708921283574,
      0.012933461022765675,
      0.012324818202470132,
      0.006956691554939325,
      0.0035651283585940684
    ],
    "kl_qp_per_dim": [
      0.00398775207691427,
      0.010097411757726712,
      0.010036354473132551,
      0.005484711345858156,
      0.0032563839071221116
    ],
    "mean_shift": 0.010843474417924881,
    "std_ratio": 1.0016905069351196
  },
  "correlation": {
    "pearson_per_dim": [
      -0.02017923368997584,
      0.01653983215656187,
      -0.007003976701169179,
      0.005557757917977725,
      0.01164463314085807
    ],
    "pearson_mean_abs": 0.012185086721308537,
    "pearson_min": -0.02017923368997584,
    "cca": {
      "canonical_correlations": [
        0.04332864908358369,
        0.03218521515471759,
        0.02218984062023747,
        0.01252750420645598,
        0.003945572197582261
      ],
      "mean_canonical_corr": 0.022835356252515402,
      "frac_above_half": 0.0,
      "n_components": 5
    },
    "mutual_information": 0.0,
    "sliced_w2_noise": 0.2210972175929902,
    "w1_noise_mean": 0.17986477674397755,
    "w2_noise_mean": 0.23135380374258854,
    "w1_noise_per_dim": [
      0.2132572654220712,
      0.14607763464681922,
      0.12456259317559493,
      0.15044604572417847,
      0.26498034475122406
    ],
    "w2_noise_per_dim": [
      0.2638361401539321,
      0.19759611373472485,
      0.17352278229795326,
      0.1901247833810074,
      0.331689199145325
    ],
    "kl_noise_sym": 0.0869042782270838,
    "kl_noise_pq": 0.10603878500706379,
    "kl_noise_qp": 0.06776977144710383,
    "kl_noise_pq_per_dim": [
      0.11681966239300841,
      0.06783914436601787,
      0.0794980019426528,
      0.0638624931389989,
      0.20217462319464086
    ],
    "kl_noise_qp_per_dim": [
      0.07468880634210784,
      0.04810537000059238,
      0.06141900561833971,
      0.04197320952434039,
      0.11266246575013888
    ],
    "ks_stat_zprime": 0.059152573304399395,
    "ks_pval_zprime": 4.1803265384456706e-122
  }
}