{
  "strategy": "quality",
  "n_full": 3000,
  "n_subset": 7000,
  "removal_frac": 0.7,
  "divergence": {
    "mmd": 8.666027492698625e-05,
    "sliced_w2": 0.6580732105133922,
    "jsd": 0.0018291670628848647,
    "kl_pq": 0.005132294949931117,
    "kl_qp": 0.004451789006852595,
    "kl_sym": 0.0047920419783918575,
    "w1_mean": 0.020288858388189453,
    "w2_mean": 0.7339259797581944,
    "w1_per_dim": [
      0.0075144984788217024,
      0.02173181889682919,
      0.03581131343388309,
      0.014348625456914307,
      0.012565796602650411,
      0.006390722915219764,
      0.007305949714633504,
      0.011222104907224311,
      0.037952551938781866,
      0.03219202198067104,
      0.013483190185612157,
      0.012539759417009052,
      0.028171226182165335,
      0.008834585788548878,
      0.015335483937191646,
      0.046220135349104005,
      0.02632805171679883,
      0.006683267259815086,
      0.018373793433664277,
      0.037267800300426424,
      0.025793328256013666
    ],
    "w2_per_dim": [
      0.7113049129507176,
      0.7077916802594959,
      0.7316137732729276,
      0.7788629068075643,
      0.7248443049323995,
      0.8368903242008309,
      0.6770102337441957,
      0.7773615026163618,
      0.8348712689374308,
      0.7297238745178785,
      0.6596182020307396,
      0.8384800962329804,
      0.7369518331595972,
      0.9375966885147909,
      0.7972545376518401,
      0.7159990231069513,
      0.7646977099442394,
      0.6881536641212421,
      0.6407395783655957,
      0.6875253562991402,
      0.43515410325516424
    ],
    "kl_pq_per_dim": [
      0.0031908899663467927,
      0.004136178223465639,
      0.006125387122799322,
      0.004492533506275445,
      0.005158728642358014,
      0.0050205224652395955,
      0.006464050924262882,
      0.00336765404710755,
      0.008110561010899828,
      0.004833582537718564,
      0.004095912578181062,
      0.004294398534710018,
      0.0058048919383918585,
      0.005527654325888076,
      0.006741978064923309,
      0.006908966007172043,
      0.004996558761074091,
      0.0037352920937135203,
      0.004856994936912839,
      0.005899992572497095,
      0.00401546568861591
    ],
    "kl_qp_per_dim": [
      0.0028110286560540714,
      0.0034640011524451064,
      0.005174257553304678,
      0.003713400862683498,
      0.004621798296365682,
      0.004007085721338965,
      0.0054343974809467205,
      0.002904544892879029,
      0.0069662231812871525,
      0.004201194021521568,
      0.003469021512124649,
      0.0037074042652316883,
      0.005379470802765612,
      0.0046512344436512205,
      0.005257020773266025,
      0.006439927177686655,
      0.004658937307668906,
      0.0031362723922452942,
      0.0044970274973126605,
      0.005208703865680401,
      0.0037846172874449104
    ],
    "mean_shift": 0.016788175329566002,
    "std_ratio": 1.0068113803863525
  },
  "correlation": {
    "pearson_per_dim": [
      -0.003572474026747762,
      -0.004101838990072689,
      -0.005216265004141961,
      0.010300542074158673,
      -0.0035579264230105687,
      -0.0016911356150113592,
      -0.006146832493440397,
      0.001244027474435946,
      0.011213185656330744,
      0.0032267927744635905,
      -0.0016772318013408246,
      0.005485593467086,
      0.00040965129385233415,
      0.0027518425563635342,
      -0.006467277035004991,
      -0.002977063956937831,
      -0.02142693574461642,
      -0.012583632356352542,
      -0.008450721272496936,
      1.1009148274761146e-05,
      -0.00029158774064503293
    ],
    "pearson_mean_abs": 0.0053715984240373755,
    "pearson_min": -0.02142693574461642,
    "cca": {
      "canonical_correlations": [
        0.10062238250007836,
        0.08738010166511921,
        0.0806549402357598,
        0.07902926905867635,
        0.07692388790849489,
        0.07051199328789455,
        0.06691115833499695,
        0.06144324912314125,
        0.05394115914438343,
        0.04763680811567003,
        0.03879914960036363,
        0.0378588016229435,
        0.03508702637344419,
        0.0260576370975327,
        0.023280568478141875,
        0.0185347145761278,
        0.016088083900666225,
        0.013389224960069855,
        0.009441609718122827,
        0.00639300426574956,
        0.0005525455102980859
      ],
      "mean_canonical_corr": 0.045263681689413096,
      "frac_above_half": 0.0,
      "n_components": 21
    },
    "mutual_information": 0.0,
    "sliced_w2_noise": 0.12678806309309704,
    "w1_noise_mean": 0.10528816583337297,
    "w2_noise_mean": 0.12132365753693268,
    "w1_noise_per_dim": [
      0.04061406688851586,
      0.04716202772936959,
      0.12375666892375947,
      0.0787214936920375,
      0.1569991127926374,
      0.07347170536676587,
      0.21903064606579573,
      0.06113352918615523,
      0.07668457414794622,
      0.0767255915700038,
      0.056784756154262636,
      0.07254072407202325,
      0.09007769217536822,
      0.10004304592572485,
      0.08142028611596783,
      0.07089147761500497,
      0.06061596824596718,
      0.0880850000424925,
      0.2533111296030859,
      0.13282840767252613,
      0.2501535785154223
    ],
    "w2_noise_per_dim": [
      0.055135329312264794,
      0.06016636796305342,
      0.13340648180281725,
      0.09207550828434681,
      0.17531090334338964,
      0.09810544319694753,
      0.2370098289688417,
      0.07595267608429118,
      0.1025096378738609,
      0.08649075807019589,
      0.06970905316616273,
      0.08239237752226879,
      0.10795800406047852,
      0.131616637940436,
      0.10412311268912666,
      0.08542588418103442,
      0.0775085450935348,
      0.10687074675634176,
      0.26307913790542403,
      0.14635586527565314,
      0.25659450878511647
    ],
    "kl_noise_sym": 0.01962695785797358,
    "kl_noise_pq": 0.01975990229966703,
    "kl_noise_qp": 0.01949401341628013,
    "kl_noise_pq_per_dim": [
      0.0070563034097671715,
      0.006276156499941236,
      0.01706890142209974,
      0.010696360563867194,
      0.02812095726723253,
      0.01627933836733908,
      0.05896861399765197,
      0.010312485305691056,
      0.019089061778466893,
      0.008600021351507121,
      0.008994550299881755,
      0.013281204940598656,
      0.01703531547527731,
      0.031652962889176475,
      0.018296040687056002,
      0.012628347175205924,
      0.012644753661901566,
      0.018352595391518248,
      0.04258868884067414,
      0.018831929302816897,
      0.038183359665336716
    ],
    "kl_noise_qp_per_dim": [
      0.006569108549072255,
      0.005695594579566584,
      0.016609079075138353,
      0.010232929130345424,
      0.03064370399436569,
      0.01513369293274567,
      0.060117716592124115,
      0.01011781501058516,
      0.017917749553808385,
      0.007411736487145968,
      0.00805599316372718,
      0.015203880567508734,
      0.016017311474434286,
      0.02891012281136504,
      0.01663938306228417,
      0.013049495033770755,
      0.011867998936251869,
      0.017892764294852793,
      0.0452502107232165,
      0.016807781166006418,
      0.039230214603567404
    ],
    "ks_stat_zprime": 0.026685032701608963,
    "ks_pval_zprime": 2.2773819006210353e-91
  }
}