{
  "strategy": "quality",
  "n_full": 9000,
  "n_subset": 1000,
  "removal_frac": 0.1,
  "divergence": {
    "mmd": 0.373494015923881,
    "sliced_w2": 0.8105084347421558,
    "jsd": 0.129276354257767,
    "kl_pq": 0.7134173641470499,
    "kl_qp": 0.43509406446996907,
    "kl_sym": 0.5742557143085095,
    "w1_mean": 0.2803412278746924,
    "w2_mean": 0.8087647267894263,
    "w1_per_dim": [
      0.16564387898680918,
      0.14638627850586977,
      0.7173411621571407,
      0.08903902858191479,
      0.28329579114172765
    ],
    "w2_per_dim": [
      0.6586980113701038,
      0.8404460778284663,
      1.5889735544105548,
      0.8296182444032881,
      0.12608774593471878
    ],
    "kl_pq_per_dim": [
      0.513552148955023,
      0.17126501416285583,
      1.1620465125724522,
      0.12330486779074964,
      1.5969182772541692
    ],
    "kl_qp_per_dim": [
      0.42710171069204494,
      0.14491017061860217,
      0.7573381287041395,
      0.09722086400817254,
      0.7488994483268862
    ],
    "mean_shift": 0.23654603958129883,
    "std_ratio": 0.632215678691864
  },
  "correlation": {
    "pearson_per_dim": [
      -0.1152519043258088,
      0.003900756769379254,
      -0.029462950670962627,
      -0.007532836844427999,
      0.017675566050697873
    ],
    "pearson_mean_abs": 0.034764802932255305,
    "pearson_min": -0.1152519043258088,
    "cca": {
      "canonical_correlations": [
        0.14664988318025904,
        0.0798820874008457,
        0.05884058072740603,
        0.02970952559692839,
        0.0191070911007353
      ],
      "mean_canonical_corr": 0.0668378336012349,
      "frac_above_half": 0.0,
      "n_components": 5
    },
    "mutual_information": 0.0,
    "sliced_w2_noise": 0.3836351955254609,
    "w1_noise_mean": 0.30589005287463367,
    "w2_noise_mean": 0.3543531146440347,
    "w1_noise_per_dim": [
      0.21559792038565503,
      0.17313923171849457,
      0.6242408541145414,
      0.20206739063671558,
      0.31440486751776187
    ],
    "w2_noise_per_dim": [
      0.2754905991527278,
      0.20962886370106315,
      0.670511873754544,
      0.23053882497881137,
      0.3855954116330269
    ],
    "kl_noise_sym": 0.1812071134671029,
    "kl_noise_pq": 0.23185933027260935,
    "kl_noise_qp": 0.13055489666159645,
    "kl_noise_pq_per_dim": [
      0.14918049986054377,
      0.07417042925130046,
      0.310157350573781,
      0.07455546071658567,
      0.5512329109608358
    ],
    "kl_noise_qp_per_dim": [
      0.08437022671330785,
      0.05270650549272333,
      0.2805071878178621,
      0.06451782949261914,
      0.17067273379146986
    ],
    "ks_stat_zprime": 0.10368739133849075,
    "ks_pval_zprime": 2.9476324240262957e-47
  }
}