{
  "strategy": "quality",
  "n_full": 6000,
  "n_subset": 4000,
  "removal_frac": 0.4,
  "divergence": {
    "mmd": 0.07570217750460329,
    "sliced_w2": 0.35655702882448015,
    "jsd": 0.07804952993199903,
    "kl_pq": 0.35654152089978697,
    "kl_qp": 0.35030073923061994,
    "kl_sym": 0.3534211300652034,
    "w1_mean": 0.17268416332962894,
    "w2_mean": 0.37553985259023903,
    "w1_per_dim": [
      0.10176320095975644,
      0.1526713369208857,
      0.08689928037851799,
      0.20653758811970901,
      0.3155494102692755
    ],
    "w2_per_dim": [
      0.2826387014205482,
      0.3582388026053081,
      0.5998324257011248,
      0.3866163856711537,
      0.2503729475530603
    ],
    "kl_pq_per_dim": [
      0.11579291742995497,
      0.1377827953709247,
      0.03282944093477673,
      0.24985701126692184,
      1.2464454394963567
    ],
    "kl_qp_per_dim": [
      0.1444301904869895,
      0.16748523426168546,
      0.03463923655401137,
      0.38419599389231807,
      1.0207530409580952
    ],
    "mean_shift": 0.08342956006526947,
    "std_ratio": 1.3121408224105835
  },
  "correlation": {
    "pearson_per_dim": [
      -0.034322199192333,
      0.014869965575474098,
      -0.011452479689025399,
      -0.01216602704751313,
      0.0113520839500575
    ],
    "pearson_mean_abs": 0.016832551090880627,
    "pearson_min": -0.034322199192333,
    "cca": {
      "canonical_correlations": [
        0.054181089751914234,
        0.04361969704572477,
        0.023918043544673917,
        0.011725516938436834,
        0.0010631254873419188
      ],
      "mean_canonical_corr": 0.026901494553618337,
      "frac_above_half": 0.0,
      "n_components": 5
    },
    "mutual_information": 0.0,
    "sliced_w2_noise": 0.20409957841902707,
    "w1_noise_mean": 0.17013868780623598,
    "w2_noise_mean": 0.21936018998152967,
    "w1_noise_per_dim": [
      0.19025517756048793,
      0.12375244568703056,
      0.16507167112762178,
      0.0831887850391322,
      0.2884253596169074
    ],
    "w2_noise_per_dim": [
      0.232244914015858,
      0.18588778044837598,
      0.1906466471522932,
      0.13489339493126926,
      0.35312821335985184
    ],
    "kl_noise_sym": 0.0924040836217749,
    "kl_noise_pq": 0.11876760467033405,
    "kl_noise_qp": 0.06604056257321571,
    "kl_noise_pq_per_dim": [
      0.09100800710499404,
      0.07032830941034361,
      0.07295264816818132,
      0.042577640354457186,
      0.31697141831369413
    ],
    "kl_noise_qp_per_dim": [
      0.060136043150310174,
      0.04953494805822468,
      0.049574877555670006,
      0.026916834713649536,
      0.14404010938822417
    ],
    "ks_stat_zprime": 0.051935982312711765,
    "ks_pval_zprime": 2.5157655858302157e-47
  }
}