{
  "strategy": "state_region",
  "n_full": 1912,
  "n_subset": 8088,
  "removal_frac": 0.9,
  "divergence": {
    "mmd": 0.00037417488639157614,
    "sliced_w2": 1.0162383264744206,
    "jsd": 0.00288958779986707,
    "kl_pq": 0.014630184763260617,
    "kl_qp": 0.010894523321179631,
    "kl_sym": 0.012762354042220125,
    "w1_mean": 0.02665659933380267,
    "w2_mean": 1.0523735795977551,
    "w1_per_dim": [
      0.02680192242151931,
      0.02747155317723662,
      0.01287674828594789,
      0.06888237998881158,
      0.009858201181254259,
      0.02110061850768522,
      0.01929886438676829,
      0.0269625067211982
    ],
    "w2_per_dim": [
      1.1298702972197578,
      0.8260146745929866,
      1.1426335866925352,
      0.9522039467323626,
      1.1673205138443663,
      0.9801492672819317,
      1.1885581473119093,
      1.0322382031061916
    ],
    "kl_pq_per_dim": [
      0.01951067453999096,
      0.009711748885864957,
      0.014996907309762945,
      0.020423909793036123,
      0.015843822731298408,
      0.009091489079158587,
      0.015921823038905596,
      0.011541102728067361
    ],
    "kl_qp_per_dim": [
      0.0137390131239098,
      0.007809826837791762,
      0.0105914899131943,
      0.01673076008400249,
      0.011884254171688539,
      0.0065176073287186685,
      0.011979715022998296,
      0.007903520087133199
    ],
    "mean_shift": 0.024424495175480843,
    "std_ratio": 1.011317253112793
  },
  "correlation": {
    "pearson_per_dim": [
      0.014986387546521703,
      -0.011106697838499019,
      0.02062109214526178,
      -0.009568546607279021,
      0.002709901008656439,
      0.017134770364905745,
      -0.01709491073056803,
      -0.0067555494133394395
    ],
    "pearson_mean_abs": 0.012497231956878897,
    "pearson_min": -0.01709491073056803,
    "cca": {
      "canonical_correlations": [
        0.06043110671797095,
        0.0515313957642419,
        0.04302238960034873,
        0.03359213636093045,
        0.02671543118399259,
        0.020019909735269452,
        0.013487865084313828,
        0.004523804384816007
      ],
      "mean_canonical_corr": 0.03166550485398549,
      "frac_above_half": 0.0,
      "n_components": 8
    },
    "mutual_information": 0.0,
    "sliced_w2_noise": 0.13201783419927965,
    "w1_noise_mean": 0.12045606888703306,
    "w2_noise_mean": 0.13767332808031885,
    "w1_noise_per_dim": [
      0.08409863520490873,
      0.1698179398143104,
      0.07192394141046936,
      0.22589971102755915,
      0.08966806215346454,
      0.07085000645155884,
      0.08012872246506507,
      0.17126153256892845
    ],
    "w2_noise_per_dim": [
      0.09834470363204244,
      0.1773892650909289,
      0.09435732761591327,
      0.25371613794256814,
      0.10756104336848071,
      0.09028796943703862,
      0.10097687530777892,
      0.17875330224779984
    ],
    "kl_noise_sym": 0.024063373038233936,
    "kl_noise_pq": 0.02407586617469381,
    "kl_noise_qp": 0.024050879901774062,
    "kl_noise_pq_per_dim": [
      0.020058590359611342,
      0.021986148305720904,
      0.016027045794901523,
      0.04840900708186263,
      0.02841984718241429,
      0.011999161680105718,
      0.02145678017829403,
      0.024250348814640048
    ],
    "kl_noise_qp_per_dim": [
      0.020123370762334423,
      0.023957666766762725,
      0.014856481180604501,
      0.055134679769801645,
      0.02612535878210636,
      0.008781015033480239,
      0.020524305822641847,
      0.02290416109646075
    ],
    "ks_stat_zprime": 0.0302259616978173,
    "ks_pval_zprime": 8.632415274277982e-52
  }
}