{
  "strategy": "state_region",
  "n_full": 1907,
  "n_subset": 8093,
  "removal_frac": 0.9,
  "divergence": {
    "mmd": 0.005583682199922335,
    "sliced_w2": 0.6119964985426073,
    "jsd": 0.009837046063267569,
    "kl_pq": 0.0456296947707711,
    "kl_qp": 0.03977052603225256,
    "kl_sym": 0.04270011040151183,
    "w1_mean": 0.04728734954696704,
    "w2_mean": 0.5613670527813033,
    "w1_per_dim": [
      0.0299428277388447,
      0.07327780267117301,
      0.05373812487472656,
      0.06593837643066329,
      0.013539616019427648
    ],
    "w2_per_dim": [
      0.42868163552583877,
      0.5547683105119766,
      0.9025730321152364,
      0.5415266336949768,
      0.3792856520584877
    ],
    "kl_pq_per_dim": [
      0.019964962754948773,
      0.09087849106726704,
      0.03927208224927023,
      0.07226861452892419,
      0.005764323253445265
    ],
    "kl_qp_per_dim": [
      0.018752142796986723,
      0.08110079110662359,
      0.029941486138925666,
      0.06306481575326757,
      0.005993394365459263
    ],
    "mean_shift": 0.022775789722800255,
    "std_ratio": 0.9365772008895874
  },
  "correlation": {
    "pearson_per_dim": [
      -0.008774609437908502,
      0.014872203524505813,
      -0.007326145060279412,
      0.00936366027502653,
      0.0067661110237380384
    ],
    "pearson_mean_abs": 0.009420545864291658,
    "pearson_min": -0.008774609437908502,
    "cca": {
      "canonical_correlations": [
        0.03873695132228555,
        0.0250444396601473,
        0.01984884871039245,
        0.014317565851972474,
        0.0028328989916985028
      ],
      "mean_canonical_corr": 0.020156140907299253,
      "frac_above_half": 0.0,
      "n_components": 5
    },
    "mutual_information": 0.0,
    "sliced_w2_noise": 0.2309857709512954,
    "w1_noise_mean": 0.1884473470160652,
    "w2_noise_mean": 0.23917385950654402,
    "w1_noise_per_dim": [
      0.2197930574643551,
      0.14763132225022893,
      0.14489641806032982,
      0.15404800832635712,
      0.275867928979055
    ],
    "w2_noise_per_dim": [
      0.2699392760962426,
      0.2024160031634103,
      0.1841588582348665,
      0.19481912000877089,
      0.3445360400294298
    ],
    "kl_noise_sym": 0.09105855659170319,
    "kl_noise_pq": 0.11087865418216145,
    "kl_noise_qp": 0.07123845900124495,
    "kl_noise_pq_per_dim": [
      0.12263767423361908,
      0.0730894517420222,
      0.07454833805062942,
      0.06960428143506187,
      0.21451352544947466
    ],
    "kl_noise_qp_per_dim": [
      0.0802670731021855,
      0.05072604652421538,
      0.06111072403763164,
      0.04373071887791684,
      0.12035773246427535
    ],
    "ks_stat_zprime": 0.06133316973521444,
    "ks_pval_zprime": 9.057960386262392e-133
  }
}