{
  "strategy": "quality",
  "n_full": 1000,
  "n_subset": 9000,
  "removal_frac": 0.9,
  "divergence": {
    "mmd": 0.05375005787077791,
    "sliced_w2": 0.7875195942346636,
    "jsd": 0.046632231414998566,
    "kl_pq": 0.2176919922797948,
    "kl_qp": 0.19187563010709302,
    "kl_sym": 0.2047838111934439,
    "w1_mean": 0.1508944331162657,
    "w2_mean": 0.83595584990186,
    "w1_per_dim": [
      0.12092543000295457,
      0.15290255181441958,
      0.21860164515172156,
      0.06553115773681423,
      0.1965113808754185
    ],
    "w2_per_dim": [
      0.6689763893665741,
      0.8884048658486515,
      1.2351624855039385,
      0.8083870729163071,
      0.5788484358738287
    ],
    "kl_pq_per_dim": [
      0.16673981695894713,
      0.2641830062493245,
      0.20765241414010766,
      0.11252270294671066,
      0.3373620211038841
    ],
    "kl_qp_per_dim": [
      0.12992287267221558,
      0.20368709463024756,
      0.12526603717180043,
      0.10635659623581518,
      0.39414554982538635
    ],
    "mean_shift": 0.1063515692949295,
    "std_ratio": 0.9358965754508972
  },
  "correlation": {
    "pearson_per_dim": [
      -0.014815337715395305,
      0.006158242485779057,
      -0.0030788161297591933,
      0.00048028480030603004,
      0.010907610544519407
    ],
    "pearson_mean_abs": 0.007088058335151798,
    "pearson_min": -0.014815337715395305,
    "cca": {
      "canonical_correlations": [
        0.03688315351232087,
        0.022499086010087425,
        0.017099185575476357,
        0.0069681514413979925,
        0.001184790642230634
      ],
      "mean_canonical_corr": 0.016926873436302656,
      "frac_above_half": 0.0,
      "n_components": 5
    },
    "mutual_information": 0.0,
    "sliced_w2_noise": 0.22542411722025038,
    "w1_noise_mean": 0.18038685868056165,
    "w2_noise_mean": 0.2334505526889242,
    "w1_noise_per_dim": [
      0.21741557883461224,
      0.1475215249329922,
      0.11209841088479958,
      0.15081716913072646,
      0.27408160961967787
    ],
    "w2_noise_per_dim": [
      0.26616206310527596,
      0.20055929775733378,
      0.1661337403802308,
      0.19290276912733997,
      0.34149489307444053
    ],
    "kl_noise_sym": 0.08935680237922874,
    "kl_noise_pq": 0.10999653139780871,
    "kl_noise_qp": 0.06871707336064874,
    "kl_noise_pq_per_dim": [
      0.12261330696235542,
      0.07164464695263863,
      0.06819340595304221,
      0.06983190775879355,
      0.21769938936221384
    ],
    "kl_noise_qp_per_dim": [
      0.07764864224736182,
      0.049929599312356424,
      0.05231347089231422,
      0.043558324083215534,
      0.12013533026799572
    ],
    "ks_stat_zprime": 0.059272686043888106,
    "ks_pval_zprime": 7.184706284775345e-138
  }
}