{
  "strategy": "random",
  "n_full": 7000,
  "n_subset": 3000,
  "removal_frac": 0.3,
  "divergence": {
    "mmd": 0.00033840473019264294,
    "sliced_w2": 0.7589913268066485,
    "jsd": 0.0019797159478211653,
    "kl_pq": 0.0047206025102275945,
    "kl_qp": 0.0054482953630191205,
    "kl_sym": 0.005084448936623357,
    "w1_mean": 0.021694619027892173,
    "w2_mean": 0.8253248640723391,
    "w1_per_dim": [
      0.03437959574078697,
      0.011338930293873308,
      0.03908040585167085,
      0.008926724472593163,
      0.021134119845483273,
      0.017869077308746498,
      0.0258081921636393,
      0.015019906546344004
    ],
    "w2_per_dim": [
      0.9072444345382579,
      0.7221849156646171,
      0.8365945892517992,
      0.8771714528374788,
      0.990291096161696,
      0.7105153017306378,
      0.9460463476158272,
      0.6125507747783984
    ],
    "kl_pq_per_dim": [
      0.006925366570853492,
      0.0038545674662272124,
      0.005680009739450393,
      0.00506144458802782,
      0.004972992720149031,
      0.0031983204218397577,
      0.004821652750411312,
      0.003250465824861739
    ],
    "kl_qp_per_dim": [
      0.007284839502105183,
      0.004854822486872744,
      0.006743577495996519,
      0.006159181964227951,
      0.0057501695979301996,
      0.0035509063576497826,
      0.005321096313221911,
      0.003921769186148675
    ],
    "mean_shift": 0.01965201646089554,
    "std_ratio": 0.995471715927124
  },
  "correlation": {
    "pearson_per_dim": [
      0.0050882399131154795,
      -0.015880506415626376,
      0.03178363206533666,
      -0.006336459012260748,
      0.026043778508781583,
      0.041493018777732885,
      -0.027353229714591126,
      -0.013823559798132089
    ],
    "pearson_mean_abs": 0.02097530302569712,
    "pearson_min": -0.027353229714591126,
    "cca": {
      "canonical_correlations": [
        0.09293431610554347,
        0.09068192164661679,
        0.07087421334756626,
        0.049843642343189005,
        0.04441453680741708,
        0.03314607030548957,
        0.019417834231527695,
        0.003409052901156062
      ],
      "mean_canonical_corr": 0.05059019846106324,
      "frac_above_half": 0.0,
      "n_components": 8
    },
    "mutual_information": 0.0,
    "sliced_w2_noise": 0.13491324956110812,
    "w1_noise_mean": 0.11776635488648025,
    "w2_noise_mean": 0.13664531548036232,
    "w1_noise_per_dim": [
      0.08900392519822342,
      0.18853323541054365,
      0.07188798303855098,
      0.23255231627368386,
      0.0838772974566673,
      0.04618584197928918,
      0.08716115446091863,
      0.14292908527396503
    ],
    "w2_noise_per_dim": [
      0.10637572380067549,
      0.19586016745944035,
      0.08783763072601213,
      0.2649197259310795,
      0.1041624633704671,
      0.07430076739948095,
      0.10872215256989647,
      0.15098389258584655
    ],
    "kl_noise_sym": 0.02471733429968485,
    "kl_noise_pq": 0.02477568806570749,
    "kl_noise_qp": 0.024658980533662216,
    "kl_noise_pq_per_dim": [
      0.020827915147397656,
      0.026003742257342116,
      0.02136859659255139,
      0.05642341962602618,
      0.023220559924910816,
      0.012519514668798816,
      0.021583077284223613,
      0.016258679024409327
    ],
    "kl_noise_qp_per_dim": [
      0.02011345730117367,
      0.030896722493218523,
      0.016372385899094205,
      0.06427004952414689,
      0.021850068550738025,
      0.008433636638644076,
      0.019580188535449294,
      0.015755335326833042
    ],
    "ks_stat_zprime": 0.03162152716000369,
    "ks_pval_zprime": 2.772954533385682e-21
  }
}