{
  "strategy": "random",
  "n_full": 2000,
  "n_subset": 8000,
  "removal_frac": 0.8,
  "divergence": {
    "mmd": 0.0004229280753992315,
    "sliced_w2": 0.9994328665899859,
    "jsd": 0.0023370311735788725,
    "kl_pq": 0.014131390702064804,
    "kl_qp": 0.010161480841142318,
    "kl_sym": 0.012146435771603561,
    "w1_mean": 0.021473426240750996,
    "w2_mean": 1.03828239803311,
    "w1_per_dim": [
      0.02961035843077116,
      0.012406745409476574,
      0.009081321538134944,
      0.028909403984143867,
      0.023883792683132926,
      0.012039604369027073,
      0.037927442232845346,
      0.01792874127847608
    ],
    "w2_per_dim": [
      1.120951199609516,
      0.8469812393011305,
      1.1193161493776171,
      1.0254622489860286,
      1.1360045730472828,
      0.9353568834851967,
      1.1337249222544108,
      0.9884619682036965
    ],
    "kl_pq_per_dim": [
      0.01681869231013873,
      0.010836198166007649,
      0.01341938990872835,
      0.017873138239839232,
      0.016875814195175295,
      0.008591390317936409,
      0.015826591758546088,
      0.01280991072014668
    ],
    "kl_qp_per_dim": [
      0.012202586000026223,
      0.007987178558010387,
      0.009262708751447036,
      0.012781649491243725,
      0.01236401260383918,
      0.006003244232114441,
      0.012109435664461331,
      0.00858103142799622
    ],
    "mean_shift": 0.01955810934305191,
    "std_ratio": 0.9968643188476562
  },
  "correlation": {
    "pearson_per_dim": [
      0.020358386654342614,
      -0.0162380880757814,
      0.019082690568014527,
      -0.015948319883111226,
      0.004077742864341571,
      0.014391811433036292,
      -0.023996007739986842,
      -0.014275317964218631
    ],
    "pearson_mean_abs": 0.016046045647854137,
    "pearson_min": -0.023996007739986842,
    "cca": {
      "canonical_correlations": [
        0.06456896742616432,
        0.054227565633771214,
        0.04213172469197458,
        0.03572316475656127,
        0.02684335106730637,
        0.021211504784458383,
        0.014326460593770785,
        0.0038124369984582846
      ],
      "mean_canonical_corr": 0.03285564699405815,
      "frac_above_half": 0.0,
      "n_components": 8
    },
    "mutual_information": 0.0,
    "sliced_w2_noise": 0.13364053975844573,
    "w1_noise_mean": 0.12012003029619418,
    "w2_noise_mean": 0.13661911468997673,
    "w1_noise_per_dim": [
      0.08846469268788679,
      0.17437539799111618,
      0.06936228584620223,
      0.23779502261078347,
      0.0865142080356418,
      0.05863900694939913,
      0.08122836956498214,
      0.16458125868354184
    ],
    "w2_noise_per_dim": [
      0.10318363309444824,
      0.18023532741570286,
      0.08905498127386206,
      0.26460787580225026,
      0.10455204290690608,
      0.07734820948541321,
      0.10293289743751959,
      0.17103795010371153
    ],
    "kl_noise_sym": 0.023953938054009114,
    "kl_noise_pq": 0.023850152897176246,
    "kl_noise_qp": 0.024057723210841986,
    "kl_noise_pq_per_dim": [
      0.022921047804203704,
      0.02313796473443376,
      0.014500056594371584,
      0.05106258916171305,
      0.026193460145461686,
      0.010368236964928779,
      0.020999051925945336,
      0.021618815846352064
    ],
    "kl_noise_qp_per_dim": [
      0.021619008225795537,
      0.024526390920850946,
      0.013440753502614986,
      0.058550607138333044,
      0.024595185602883526,
      0.007769623095748393,
      0.021323254454293696,
      0.020636962746215744
    ],
    "ks_stat_zprime": 0.03038703088768585,
    "ks_pval_zprime": 8.95206083692399e-52
  }
}