{
  "strategy": "quality",
  "n_full": 4000,
  "n_subset": 6000,
  "removal_frac": 0.6,
  "divergence": {
    "mmd": 0.003973701814369179,
    "sliced_w2": 0.46339336708360385,
    "jsd": 0.0029433083251963485,
    "kl_pq": 0.007182866578925818,
    "kl_qp": 0.007159477562753668,
    "kl_sym": 0.007171172070839744,
    "w1_mean": 0.04847340921395031,
    "w2_mean": 0.4860816347064396,
    "w1_per_dim": [
      0.009910045197854437,
      0.10350641277773925,
      0.1215984092647753,
      0.023186736466673515,
      0.0345560831357725,
      0.039902438066123674,
      0.00573235528174943,
      0.04939479352091439
    ],
    "w2_per_dim": [
      0.5533541162878495,
      0.4206838963625439,
      0.5934465224422568,
      0.5837668156911596,
      0.4875231173482312,
      0.42353619031522327,
      0.47395521744523084,
      0.3523872017590216
    ],
    "kl_pq_per_dim": [
      0.0018340343146794214,
      0.014631195534136207,
      0.019170373149248826,
      0.003130907838336385,
      0.002924152747345036,
      0.004820211868519695,
      0.0012781736818931458,
      0.009673883497247831
    ],
    "kl_qp_per_dim": [
      0.0016975540761941174,
      0.015671502829937636,
      0.01828758441451784,
      0.0030598490170691967,
      0.0028624294191031616,
      0.0045534942546780095,
      0.0011661901370765598,
      0.009977216353452827
    ],
    "mean_shift": 0.045366622507572174,
    "std_ratio": 1.0177620649337769
  },
  "correlation": {
    "pearson_per_dim": [
      0.019708227007152516,
      -0.008561567127740623,
      0.023386040068921202,
      -0.012635578346073657,
      -0.007196171746979461,
      0.0024649953460442096,
      -0.0035253340430016636,
      -0.010516027815609485
    ],
    "pearson_mean_abs": 0.010999242687690352,
    "pearson_min": -0.012635578346073657,
    "cca": {
      "canonical_correlations": [
        0.06800384263898543,
        0.062496769674362095,
        0.036486799713954896,
        0.031306163244568024,
        0.023785593723581123,
        0.019864869472863787,
        0.008460609161156193,
        0.007930334210172895
      ],
      "mean_canonical_corr": 0.032291872729955554,
      "frac_above_half": 0.0,
      "n_components": 8
    },
    "mutual_information": 0.0,
    "sliced_w2_noise": 0.13306215067298213,
    "w1_noise_mean": 0.1207194582772098,
    "w2_noise_mean": 0.13676129992901734,
    "w1_noise_per_dim": [
      0.09209214063440593,
      0.1489770900464743,
      0.05778424647525148,
      0.2408132060308044,
      0.08478389400926242,
      0.09109840046791456,
      0.07896350265667812,
      0.17124318589688722
    ],
    "w2_noise_per_dim": [
      0.10558128258200548,
      0.1558998164585841,
      0.0812790102290151,
      0.2618532044306879,
      0.10375075468808857,
      0.10648791883548181,
      0.09849358887764026,
      0.18074482333063543
    ],
    "kl_noise_sym": 0.02374942506796836,
    "kl_noise_pq": 0.024087927283292742,
    "kl_noise_qp": 0.023410922852643984,
    "kl_noise_pq_per_dim": [
      0.02437549006916881,
      0.01821489002476622,
      0.015747677281875837,
      0.049031722439392654,
      0.025362990966002395,
      0.01609278258944182,
      0.01736273571100238,
      0.026515129184691816
    ],
    "kl_noise_qp_per_dim": [
      0.022494890389015483,
      0.01763579978955144,
      0.012367959202126176,
      0.057613358708064735,
      0.023128779263188768,
      0.011427557249396435,
      0.017462778756745446,
      0.025156259463063393
    ],
    "ks_stat_zprime": 0.029651839541536384,
    "ks_pval_zprime": 4.248989661396864e-37
  }
}