{
  "strategy": "random",
  "n_full": 4000,
  "n_subset": 6000,
  "removal_frac": 0.6,
  "divergence": {
    "mmd": 0.0,
    "sliced_w2": 0.41940128475077676,
    "jsd": 0.001455828843574589,
    "kl_pq": 0.0018074550939744867,
    "kl_qp": 0.0017054347094543868,
    "kl_sym": 0.0017564449017144364,
    "w1_mean": 0.012706941145507336,
    "w2_mean": 0.4424246114708591,
    "w1_per_dim": [
      0.007667687056586147,
      0.010388969000002059,
      0.015506590379634871,
      0.00974920784099959,
      0.006769636708311736,
      0.006640435642873244,
      0.010421952329265573,
      0.010982738542564525,
      0.010493956761648097,
      0.014615196709540517,
      0.006518952347008355,
      0.007628636601769054,
      0.0210734813506715,
      0.016452533880171056,
      0.009885013105347753,
      0.042653408154398983,
      0.012236455063723648,
      0.020506621862761677,
      0.0075605023761357495,
      0.011971047474187799,
      0.007122740868052158
    ],
    "w2_per_dim": [
      0.38621535381210026,
      0.39264833834523816,
      0.4961779552878325,
      0.5089117525839536,
      0.542191769488095,
      0.4433612976759412,
      0.3257685981732771,
      0.4635784436020002,
      0.550644982922642,
      0.42175692221526195,
      0.48664551514574367,
      0.471716400704413,
      0.3988937219713213,
      0.45253252319900483,
      0.5741733063004835,
      0.45871191525493754,
      0.47916586621269175,
      0.3232028926115422,
      0.4759991495954168,
      0.4330721029601402,
      0.20554803282600348
    ],
    "kl_pq_per_dim": [
      0.001212709082228888,
      0.0014178794925045791,
      0.0015260764063072998,
      0.00140046163703524,
      0.001405423425390438,
      0.001549847088197635,
      0.0017462691202970526,
      0.0018819980437356238,
      0.0023257497388121974,
      0.001152369692301823,
      0.0013833041415887795,
      0.0011389118195388366,
      0.0021895691255587393,
      0.0025871936156838353,
      0.001533920962859689,
      0.0035546508610001387,
      0.0015972765592144702,
      0.002558044571547612,
      0.0017477698993684353,
      0.0019503454272284775,
      0.0020967862630644277
    ],
    "kl_qp_per_dim": [
      0.0011024611526344991,
      0.0013472319997808267,
      0.0014384554927584078,
      0.001329451963895582,
      0.0013253420429584885,
      0.00144322446365183,
      0.001603207116624694,
      0.001766695282463533,
      0.0021751701645344864,
      0.0010705829252569167,
      0.0012817854977611727,
      0.0010841428537041336,
      0.002162270842589676,
      0.0023896930302505694,
      0.0014203442041769761,
      0.003476466265337437,
      0.0015577520835481536,
      0.002430927463224984,
      0.0016504941052200746,
      0.001791080987973195,
      0.001967348960196483
    ],
    "mean_shift": 0.00971977598965168,
    "std_ratio": 0.9983533024787903
  },
  "correlation": {
    "pearson_per_dim": [
      -0.00872586343101052,
      -0.0112284092259016,
      -0.010967388354030475,
      0.0029157138224413124,
      -0.021819493623497044,
      -0.0026405638865461376,
      0.001572115416898765,
      0.014116696964433652,
      0.010136095657897254,
      -0.0010535887998424848,
      -0.006672763576296308,
      -0.0014221561995113683,
      0.01596519922298535,
      -0.005974957753705622,
      -0.006489275853578696,
      0.005281473083758664,
      -0.01386610996205111,
      -0.0065913660437385314,
      -0.00679524503926512,
      -0.017451567196393163,
      -0.009946439875108083
    ],
    "pearson_mean_abs": 0.008649165856613869,
    "pearson_min": -0.021819493623497044,
    "cca": {
      "canonical_correlations": [
        0.10354447154379104,
        0.09917524051026078,
        0.09496319823733894,
        0.08718521357365468,
        0.08157010009596766,
        0.0730488760179198,
        0.06866398429874206,
        0.06306752199985706,
        0.058588323776380645,
        0.05507895776119357,
        0.05303246912279149,
        0.04327882736662759,
        0.036942232138517085,
        0.03263551577921021,
        0.027256135378793612,
        0.024065343083763124,
        0.015174732833507305,
        0.012156880708195258,
        0.0077383238043437904,
        0.005367295371223014,
        0.0036379039767940016
      ],
      "mean_canonical_corr": 0.04981769273232726,
      "frac_above_half": 0.0,
      "n_components": 21
    },
    "mutual_information": 0.0,
    "sliced_w2_noise": 0.12759245476355874,
    "w1_noise_mean": 0.10566749290179521,
    "w2_noise_mean": 0.12078169114914408,
    "w1_noise_per_dim": [
      0.04624299382566338,
      0.05118761635959285,
      0.12470224197944237,
      0.07138130432700077,
      0.152025716308126,
      0.0824172758345521,
      0.22315390545710279,
      0.05716912620226748,
      0.09686555100118856,
      0.07478725861453372,
      0.0636516307924855,
      0.0719563171654396,
      0.0902048160492183,
      0.09356914674595465,
      0.09248938914491495,
      0.061379691144703735,
      0.06227781267350173,
      0.08849003398212274,
      0.24847031603652675,
      0.10140803866203008,
      0.2651871686313316
    ],
    "w2_noise_per_dim": [
      0.05712513824542062,
      0.06252853252502125,
      0.1329955765722249,
      0.08375947049602314,
      0.17269743836418194,
      0.10231917941126688,
      0.2405087618246624,
      0.07318780825372613,
      0.11544267312766589,
      0.09238690757511514,
      0.07262235778891847,
      0.08193236885285365,
      0.1107241270027905,
      0.1195402460113957,
      0.1160826757183461,
      0.07340648124279135,
      0.07513006311190873,
      0.10939858897620487,
      0.257344180339202,
      0.11418961990925458,
      0.2730933187830519
    ],
    "kl_noise_sym": 0.019286846273643757,
    "kl_noise_pq": 0.019317400902918433,
    "kl_noise_qp": 0.019256291644369077,
    "kl_noise_pq_per_dim": [
      0.006223693310854546,
      0.007806540144085531,
      0.017111485243562433,
      0.00834714288409013,
      0.02803835640041795,
      0.014792284537350056,
      0.05316075532620673,
      0.010883926629830565,
      0.020422659263255746,
      0.01268365144676211,
      0.00910544166932358,
      0.010512070166094328,
      0.02279529080592109,
      0.028568303965059626,
      0.01970695704754199,
      0.008942676761456915,
      0.010713285305405551,
      0.018291052116948644,
      0.039671520028383644,
      0.013328991085218164,
      0.04455933482351776
    ],
    "kl_noise_qp_per_dim": [
      0.006765529260092095,
      0.0068797154863077005,
      0.016914595135133395,
      0.007907596565971595,
      0.031078886041600445,
      0.014210557626076986,
      0.0578534074582176,
      0.009895950859509948,
      0.017239629845513763,
      0.011056168025009812,
      0.007463446160513056,
      0.012392905353657894,
      0.01798790362980565,
      0.02729855500014671,
      0.019862452587435044,
      0.008621965852760953,
      0.010265080229609523,
      0.020009918725861765,
      0.04290262974355594,
      0.012972269425765695,
      0.044802961519205056
    ],
    "ks_stat_zprime": 0.027508001338611254,
    "ks_pval_zprime": 2.920372280534247e-83
  }
}