{
  "strategy": "random",
  "n_full": 8000,
  "n_subset": 2000,
  "removal_frac": 0.2,
  "divergence": {
    "mmd": 0.0,
    "sliced_w2": 0.8831930883001327,
    "jsd": 0.0022531537197118816,
    "kl_pq": 0.008990034935985994,
    "kl_qp": 0.012358907864730791,
    "kl_sym": 0.010674471400358394,
    "w1_mean": 0.017643830238686254,
    "w2_mean": 0.9463215231377697,
    "w1_per_dim": [
      0.012214447130681948,
      0.01816520048241364,
      0.010036875276477078,
      0.018104793793288988,
      0.015439128698431887,
      0.009017354073934255,
      0.013618057943327587,
      0.021225069123873255,
      0.021637602929462443,
      0.024338386321993317,
      0.014667073864431588,
      0.012978240983647991,
      0.01671897818444995,
      0.012161176181107297,
      0.029131287348282055,
      0.041517672679241516,
      0.02107847453909926,
      0.016882005479128565,
      0.017528115311812142,
      0.010434110194211827,
      0.013626384473114742
    ],
    "w2_per_dim": [
      0.9618986950626658,
      0.9759605385503334,
      0.8952837057629132,
      0.8982859263458937,
      0.8110213755895057,
      1.0780154999383416,
      1.1173498847358116,
      0.9623539703225134,
      0.9899688504543238,
      0.9899859455559924,
      0.7924105194735933,
      1.0715151049922937,
      1.0748495857898788,
      1.2024240199362843,
      0.9104530366184045,
      0.9827649199814623,
      0.9455690549156728,
      1.0415950602144173,
      0.7332429242659125,
      0.792928071580466,
      0.6448752958064858
    ],
    "kl_pq_per_dim": [
      0.006400117513608099,
      0.006478337781369945,
      0.007880725223518268,
      0.00849370229560889,
      0.008616174159307011,
      0.009577834012909268,
      0.014405733758925383,
      0.00743925245689914,
      0.010954256848816415,
      0.00798702380103323,
      0.008289529892506576,
      0.010863897935071712,
      0.009999594481170583,
      0.012213548957548209,
      0.011472538338807943,
      0.010909259915393751,
      0.008553214573327195,
      0.00809444757027989,
      0.006911469707483447,
      0.006138706633460443,
      0.007111367798660499
    ],
    "kl_qp_per_dim": [
      0.009051469842713003,
      0.008507827186596336,
      0.011608656345493022,
      0.011043610087134842,
      0.01145036043267602,
      0.013381670127553416,
      0.020996021271754855,
      0.009196065453248161,
      0.014095043691365487,
      0.01091571880530619,
      0.01085504736127555,
      0.015762901145940884,
      0.013387367635041706,
      0.01728655214591235,
      0.016737684201336853,
      0.014230383642883971,
      0.012579248556329402,
      0.010944963972100966,
      0.009603566037839439,
      0.008428058383373396,
      0.009474848833470767
    ],
    "mean_shift": 0.01424386352300644,
    "std_ratio": 0.9957660436630249
  },
  "correlation": {
    "pearson_per_dim": [
      -0.001682170713384469,
      -0.02207441722883574,
      -0.0446150495201744,
      -0.007743321595326225,
      -0.007427331815961369,
      0.015492035057731767,
      0.02199585363859142,
      0.02678967143052885,
      -0.01817926192494891,
      -0.009549916058136957,
      0.015787095654122386,
      -0.004430742921728732,
      0.010737612072670632,
      0.005286966751057907,
      -0.007898765881079222,
      0.007272341036777704,
      -0.02079793770907947,
      0.003442495974863735,
      0.02686742987975123,
      0.004737614448392813,
      0.010219465338167045
    ],
    "pearson_mean_abs": 0.013953690316729092,
    "pearson_min": -0.0446150495201744,
    "cca": {
      "canonical_correlations": [
        0.18811492065474988,
        0.17529757991439657,
        0.16673073364051827,
        0.15119968988495483,
        0.1454240179275431,
        0.13642855844315518,
        0.13447723396398525,
        0.12570476269815234,
        0.09993571218943152,
        0.09349600779185285,
        0.09142646146395661,
        0.07404348568012868,
        0.07159484233135831,
        0.06440236453196549,
        0.05233737413857472,
        0.04780335785738599,
        0.03500371726679669,
        0.021348642442835273,
        0.017659083179687046,
        0.015331457878426562,
        0.0023241539629561014
      ],
      "mean_canonical_corr": 0.0909563884687053,
      "frac_above_half": 0.0,
      "n_components": 21
    },
    "mutual_information": 0.0,
    "sliced_w2_noise": 0.14079502073921651,
    "w1_noise_mean": 0.11157960992130013,
    "w2_noise_mean": 0.130256430869566,
    "w1_noise_per_dim": [
      0.051239666689143634,
      0.0530762511191424,
      0.09933733815679441,
      0.09596085092518478,
      0.12472510643850543,
      0.08272978969188988,
      0.2607588883037716,
      0.05817005001704093,
      0.09342050488680252,
      0.08440134200037575,
      0.04743207434518262,
      0.08012976606353187,
      0.10188666801395445,
      0.09354526945902032,
      0.07927177900934476,
      0.06348806723105369,
      0.09205105649749748,
      0.06807731194759253,
      0.27681899802631227,
      0.14893295062921674,
      0.2877180788959449
    ],
    "w2_noise_per_dim": [
      0.06601669380599673,
      0.062205687841008946,
      0.11574477107179325,
      0.1159227703562439,
      0.15294878540450815,
      0.09473071443407322,
      0.28065734467599973,
      0.084345156199237,
      0.11816139084931326,
      0.0982346642313408,
      0.0638198928599193,
      0.10027396767522885,
      0.13011604503277846,
      0.13291738035244355,
      0.10178560563470124,
      0.08171916138441994,
      0.10976812015327503,
      0.08408061481891146,
      0.28707161473551196,
      0.15862409477712147,
      0.2962405719670595
    ],
    "kl_noise_sym": 0.021885345251322352,
    "kl_noise_pq": 0.023187850996752035,
    "kl_noise_qp": 0.02058283950589267,
    "kl_noise_pq_per_dim": [
      0.009554321563989436,
      0.005119308220290775,
      0.015293438361525913,
      0.016127159566261,
      0.02441956985341602,
      0.00859348622116007,
      0.0698856829678961,
      0.01410072202963718,
      0.023242583609299743,
      0.012528820032451413,
      0.008751895680121479,
      0.02604414951813903,
      0.02840060364205109,
      0.05243587382781026,
      0.017925511587111906,
      0.013847568074195592,
      0.014489618194416496,
      0.009025033475440855,
      0.04539066890643105,
      0.016482299490390387,
      0.05528655610975691
    ],
    "kl_noise_qp_per_dim": [
      0.008890876594232097,
      0.00490579158834057,
      0.015148966461500931,
      0.017425470140530145,
      0.024376024797500007,
      0.007744101344136955,
      0.06728813639313105,
      0.012170401294298016,
      0.016573068351061215,
      0.01119856435379906,
      0.007623053841093219,
      0.013973399228555386,
      0.020508742090093336,
      0.031583462587739475,
      0.015999292529727014,
      0.009471934198868586,
      0.014271569993531217,
      0.012270929456079865,
      0.05032409431549904,
      0.017324075573698097,
      0.053167674490330774
    ],
    "ks_stat_zprime": 0.028241948760623026,
    "ks_pval_zprime": 1.5507088142929272e-29
  }
}