{
  "strategy": "random",
  "n_full": 6000,
  "n_subset": 4000,
  "removal_frac": 0.4,
  "divergence": {
    "mmd": 0.00025626413000279236,
    "sliced_w2": 0.4672832158859427,
    "jsd": 0.0016076424468568213,
    "kl_pq": 0.0017838847863121021,
    "kl_qp": 0.0018669236857617902,
    "kl_sym": 0.0018254042360369464,
    "w1_mean": 0.018731565861055663,
    "w2_mean": 0.47114828851207924,
    "w1_per_dim": [
      0.02518414065451361,
      0.01350259317496481,
      0.02730133168255755,
      0.011663413007976487,
      0.027687723466350386,
      0.009518813631807763,
      0.014089127736398952,
      0.02090538353387577
    ],
    "w2_per_dim": [
      0.514236344361184,
      0.5129130425847374,
      0.4168098249737603,
      0.6005239835678293,
      0.5698812439969224,
      0.3844041884820647,
      0.48514119801983957,
      0.28527648211029605
    ],
    "kl_pq_per_dim": [
      0.002645821887682453,
      0.0018075196912979022,
      0.002147208760388989,
      0.001340860176039983,
      0.0020839284981793126,
      0.0014537950908891763,
      0.0012672616032763772,
      0.0015246825827426244
    ],
    "kl_qp_per_dim": [
      0.0026725875218716645,
      0.001924921092200992,
      0.0022867115236958613,
      0.0014781128271643936,
      0.0021583004347299588,
      0.0015023587887182778,
      0.001315090360060292,
      0.0015973069376528821
    ],
    "mean_shift": 0.01717018336057663,
    "std_ratio": 0.9987221956253052
  },
  "correlation": {
    "pearson_per_dim": [
      0.00017716249613256328,
      -0.004913854287952778,
      0.01950291069490508,
      0.009467064030694678,
      0.011555126284565134,
      0.023894906901461045,
      -0.021377787279090118,
      -0.006756489332288696
    ],
    "pearson_mean_abs": 0.012205662663386262,
    "pearson_min": -0.021377787279090118,
    "cca": {
      "canonical_correlations": [
        0.08280164263634994,
        0.07561599160917848,
        0.04953358338230409,
        0.04169036761380479,
        0.038270353456075365,
        0.029699096047277704,
        0.011925175480333715,
        0.00040095704692993115
      ],
      "mean_canonical_corr": 0.04124214590903175,
      "frac_above_half": 0.0,
      "n_components": 8
    },
    "mutual_information": 0.0,
    "sliced_w2_noise": 0.13620454095602583,
    "w1_noise_mean": 0.1189005451269636,
    "w2_noise_mean": 0.13608341450881917,
    "w1_noise_per_dim": [
      0.08695099875032974,
      0.18723542529081533,
      0.05895812454448239,
      0.2402170987061436,
      0.08419665306762908,
      0.05544331745733144,
      0.0803946952768165,
      0.15780804792216077
    ],
    "w2_noise_per_dim": [
      0.10232562563941405,
      0.1940896319079821,
      0.07684158828444282,
      0.26477131893448186,
      0.10562895906763983,
      0.08046734862505438,
      0.10014179847935625,
      0.16440104513218207
    ],
    "kl_noise_sym": 0.023665296995736648,
    "kl_noise_pq": 0.02387987986810198,
    "kl_noise_qp": 0.023450714123371314,
    "kl_noise_pq_per_dim": [
      0.02118507758183794,
      0.026896599387812248,
      0.016340621208363142,
      0.052881313632585684,
      0.023414691302240734,
      0.012498496200513718,
      0.019279563686839377,
      0.018542675944623013
    ],
    "kl_noise_qp_per_dim": [
      0.019852577826884422,
      0.029887150556560424,
      0.012203231301898815,
      0.05933242366748466,
      0.022104834521118482,
      0.00800970017253118,
      0.018272327672316253,
      0.01794346726817627
    ],
    "ks_stat_zprime": 0.031925683964414475,
    "ks_pval_zprime": 9.029882722558615e-29
  }
}