{
  "strategy": "random",
  "n_full": 1000,
  "n_subset": 9000,
  "removal_frac": 0.9,
  "divergence": {
    "mmd": 6.955505860495315e-06,
    "sliced_w2": 1.245838887802912,
    "jsd": 0.0044526136677648254,
    "kl_pq": 0.03717011324742168,
    "kl_qp": 0.022188712671621813,
    "kl_sym": 0.02967941295952175,
    "w1_mean": 0.02046803838525537,
    "w2_mean": 1.1810143456902438,
    "w1_per_dim": [
      0.01351667352465705,
      0.014954025224161659,
      0.011650243812499362,
      0.03339992964500561,
      0.013299310877091361,
      0.012190526524403441,
      0.03658720048180678,
      0.028146396992417673
    ],
    "w2_per_dim": [
      1.1965495684855918,
      0.9295221039464419,
      1.2733144728538468,
      1.0940522373418413,
      1.2465615722004404,
      1.1446960481954251,
      1.258000271965355,
      1.3054184905330073
    ],
    "kl_pq_per_dim": [
      0.04399124693253606,
      0.03700554228594553,
      0.03508139614736,
      0.04524501097452184,
      0.04504944424529961,
      0.019651254016057423,
      0.04359973185276435,
      0.027737279524888657
    ],
    "kl_qp_per_dim": [
      0.02677092758330924,
      0.020193605864414713,
      0.021260832549255308,
      0.02709303169497574,
      0.027183414422845255,
      0.011113048964651205,
      0.02742145382264906,
      0.01647338647087397
    ],
    "mean_shift": 0.01561736036092043,
    "std_ratio": 1.0014327764511108
  },
  "correlation": {
    "pearson_per_dim": [
      0.020663295237047626,
      -0.01278840438832746,
      0.015988882309200217,
      -0.015684453476897356,
      -0.0024709593824328506,
      0.015730305900016162,
      -0.0217006185911993,
      -0.013537868159328939
    ],
    "pearson_mean_abs": 0.014820598430556239,
    "pearson_min": -0.0217006185911993,
    "cca": {
      "canonical_correlations": [
        0.05872689598041833,
        0.048989602974405376,
        0.045784568744919506,
        0.03054148908403552,
        0.026044296584346458,
        0.014224450670169529,
        0.011133582814263361,
        0.00016010609405801003
      ],
      "mean_canonical_corr": 0.02945062411832701,
      "frac_above_half": 0.0,
      "n_components": 8
    },
    "mutual_information": 0.0,
    "sliced_w2_noise": 0.13243895898529595,
    "w1_noise_mean": 0.12040482158033888,
    "w2_noise_mean": 0.13685951625448128,
    "w1_noise_per_dim": [
      0.08526878800062214,
      0.17019903812638626,
      0.07393418773020351,
      0.23471010372676898,
      0.08649183078498589,
      0.0686637480895523,
      0.07872733643857968,
      0.1652435397456122
    ],
    "w2_noise_per_dim": [
      0.09942983489060458,
      0.17574481086023327,
      0.09510609873971965,
      0.2616069388702369,
      0.1033107177804283,
      0.08699262061535112,
      0.10034057918888732,
      0.17234452909038922
    ],
    "kl_noise_sym": 0.02382906770067604,
    "kl_noise_pq": 0.023675509217029975,
    "kl_noise_qp": 0.023982626184322106,
    "kl_noise_pq_per_dim": [
      0.02036661347441598,
      0.020977865570337893,
      0.015857751218194,
      0.05091836884765827,
      0.026108888126543366,
      0.011806497638559921,
      0.02097735083041681,
      0.02239073803011357
    ],
    "kl_noise_qp_per_dim": [
      0.019890171339269277,
      0.022558117935471814,
      0.014701491226610817,
      0.058684695810061055,
      0.024533776167297804,
      0.009033793602671049,
      0.020979538824003753,
      0.02147942456919129
    ],
    "ks_stat_zprime": 0.030631006208203054,
    "ks_pval_zprime": 4.007804073626521e-59
  }
}