{
  "strategy": "quality",
  "n_full": 8000,
  "n_subset": 2000,
  "removal_frac": 0.2,
  "divergence": {
    "mmd": 0.009344075343904024,
    "sliced_w2": 1.0063556165056913,
    "jsd": 0.005142193518338049,
    "kl_pq": 0.022238179715719585,
    "kl_qp": 0.026671601129196275,
    "kl_sym": 0.02445489042245793,
    "w1_mean": 0.08019706514979044,
    "w2_mean": 1.020686373132377,
    "w1_per_dim": [
      0.02888274029258173,
      0.160848588218214,
      0.06022458881774219,
      0.07025128539372236,
      0.02136835271853488,
      0.1334213252623449,
      0.0939146596295177,
      0.07266498086566572
    ],
    "w2_per_dim": [
      1.0894783094244125,
      0.9728998868727003,
      1.0674571789943634,
      1.049469077482908,
      1.1674255706916514,
      0.8270324124807825,
      1.0908612642657622,
      0.9008672848464345
    ],
    "kl_pq_per_dim": [
      0.01451490620248094,
      0.04427142828988333,
      0.01741891490911602,
      0.018908656003837662,
      0.011143449987922409,
      0.029107541549391214,
      0.02132611598035393,
      0.02121442480277117
    ],
    "kl_qp_per_dim": [
      0.01709627535379997,
      0.05455860175008104,
      0.01881690548247606,
      0.02221146723875339,
      0.014987046496483126,
      0.03254155803463528,
      0.024564190506918403,
      0.028596764170422923
    ],
    "mean_shift": 0.07678157836198807,
    "std_ratio": 1.013002634048462
  },
  "correlation": {
    "pearson_per_dim": [
      0.03376323864966245,
      0.006903654142350745,
      0.03145655715957111,
      -0.001253294079035741,
      0.004205746243776572,
      -0.012616613770357497,
      0.0287528645904733,
      -0.00838768345262248
    ],
    "pearson_mean_abs": 0.015917456510981236,
    "pearson_min": -0.012616613770357497,
    "cca": {
      "canonical_correlations": [
        0.11121602709094705,
        0.10667334857759131,
        0.07607011800280325,
        0.06997681061587181,
        0.029383687531315292,
        0.01906039064979376,
        0.009593079138919894,
        0.004661097012829111
      ],
      "mean_canonical_corr": 0.053329319827508936,
      "frac_above_half": 0.0,
      "n_components": 8
    },
    "mutual_information": 0.0,
    "sliced_w2_noise": 0.14941609061221897,
    "w1_noise_mean": 0.13591920287094397,
    "w2_noise_mean": 0.15123243541994957,
    "w1_noise_per_dim": [
      0.07796812006819527,
      0.10402961512703043,
      0.11553264283970929,
      0.27015669475897447,
      0.10030652728624412,
      0.17339873122371496,
      0.05886735109410067,
      0.18709394056958262
    ],
    "w2_noise_per_dim": [
      0.0907204192397581,
      0.1120478462846409,
      0.13666772251227122,
      0.28802881925258383,
      0.11924061360811404,
      0.18523724851729045,
      0.07652189950038517,
      0.2013949144445528
    ],
    "kl_noise_sym": 0.02638694098057572,
    "kl_noise_pq": 0.02841928545959184,
    "kl_noise_qp": 0.024354596501559602,
    "kl_noise_pq_per_dim": [
      0.015490256647184347,
      0.013237328067096196,
      0.03064927887015006,
      0.049081753555632025,
      0.025678379476434365,
      0.03161697465555087,
      0.01677644013211655,
      0.044823872272570287
    ],
    "kl_noise_qp_per_dim": [
      0.015500143417505951,
      0.010423881985049718,
      0.020642641219939972,
      0.05523891220678798,
      0.024900579462759895,
      0.02273986142242658,
      0.011684432317315828,
      0.03370631998069089
    ],
    "ks_stat_zprime": 0.03294557464639214,
    "ks_pval_zprime": 1.5982415989172563e-15
  }
}