{
  "strategy": "quality",
  "n_full": 1000,
  "n_subset": 9000,
  "removal_frac": 0.9,
  "divergence": {
    "mmd": 0.0009169496595683446,
    "sliced_w2": 1.244763526616095,
    "jsd": 0.004950436678201673,
    "kl_pq": 0.036535631613530906,
    "kl_qp": 0.022549929793764422,
    "kl_sym": 0.029542780703647662,
    "w1_mean": 0.03242548344575335,
    "w2_mean": 1.184628351323195,
    "w1_per_dim": [
      0.02920429039156686,
      0.04144242122779704,
      0.033892124802236336,
      0.016334477618491914,
      0.022950856312281557,
      0.0465489406243691,
      0.01972438661624781,
      0.04930636997303615
    ],
    "w2_per_dim": [
      1.1745371357787162,
      0.8759242239024336,
      1.3052284231369617,
      1.0718334119801785,
      1.2544991146843356,
      1.1965464840062474,
      1.2828088199147336,
      1.3156491971819528
    ],
    "kl_pq_per_dim": [
      0.04665446536128694,
      0.025733425160166988,
      0.04157514551793144,
      0.04397855585402197,
      0.03747670449648237,
      0.031285116719545404,
      0.03734013425254934,
      0.02824150554626275
    ],
    "kl_qp_per_dim": [
      0.027103226117487292,
      0.018391417786733373,
      0.02356717077424312,
      0.024685869036257406,
      0.02387413629731066,
      0.018660608111954694,
      0.024855682501757546,
      0.01926132772437128
    ],
    "mean_shift": 0.026641545817255974,
    "std_ratio": 1.0084784030914307
  },
  "correlation": {
    "pearson_per_dim": [
      0.014508192620003729,
      -0.014107427311708446,
      0.022218052229306416,
      -0.013758366461065928,
      -5.917410596092522e-05,
      0.014887639348007471,
      -0.010952993878604272,
      -0.010370157559307099
    ],
    "pearson_mean_abs": 0.012607750439245535,
    "pearson_min": -0.014107427311708446,
    "cca": {
      "canonical_correlations": [
        0.0534171579726141,
        0.04980358202588039,
        0.039812475238164176,
        0.03391585504741254,
        0.025070974902632416,
        0.014538886107005801,
        0.010473105428362613,
        0.002001941596457871
      ],
      "mean_canonical_corr": 0.028629247289816237,
      "frac_above_half": 0.0,
      "n_components": 8
    },
    "mutual_information": 0.0,
    "sliced_w2_noise": 0.13432018606225105,
    "w1_noise_mean": 0.12118397528596861,
    "w2_noise_mean": 0.13788625682145159,
    "w1_noise_per_dim": [
      0.08733861527000975,
      0.17190711685851823,
      0.06920223892721858,
      0.23630326159403942,
      0.08713501713399695,
      0.0711866370861858,
      0.07580756062936655,
      0.17059135478841359
    ],
    "w2_noise_per_dim": [
      0.09992386877997765,
      0.178010545379818,
      0.09102565130199211,
      0.26219384112231064,
      0.1049524798003518,
      0.09103614347728556,
      0.09752314308395417,
      0.17842438162592283
    ],
    "kl_noise_sym": 0.02430990852535237,
    "kl_noise_pq": 0.02438392934183535,
    "kl_noise_qp": 0.0242358877088694,
    "kl_noise_pq_per_dim": [
      0.020705936929533174,
      0.02127972640102674,
      0.015457535237864055,
      0.05094263807700354,
      0.026669755540961036,
      0.015489789089504664,
      0.02107150189825686,
      0.023454551560532742
    ],
    "kl_noise_qp_per_dim": [
      0.020795231038738246,
      0.023121745399838037,
      0.01421699478366811,
      0.05894442823271315,
      0.024333346677094938,
      0.009461048027211778,
      0.0199293987295102,
      0.02308490878218071
    ],
    "ks_stat_zprime": 0.030422672874869716,
    "ks_pval_zprime": 2.504680772673475e-58
  }
}