{
  "strategy": "quality",
  "n_full": 8000,
  "n_subset": 2000,
  "removal_frac": 0.2,
  "divergence": {
    "mmd": 0.0008082382855464365,
    "sliced_w2": 0.8816077713499694,
    "jsd": 0.0027282944921998504,
    "kl_pq": 0.010198305356920392,
    "kl_qp": 0.013912782490318479,
    "kl_sym": 0.012055543923619436,
    "w1_mean": 0.02837247132179411,
    "w2_mean": 0.954384640463656,
    "w1_per_dim": [
      0.011436665337183514,
      0.021843569706135896,
      0.01974168134236243,
      0.010054373497492632,
      0.01843585644441191,
      0.05052992102247662,
      0.018493612103047778,
      0.02311925594715285,
      0.033804903789336094,
      0.024680061603809013,
      0.024949499944981655,
      0.059764343599003046,
      0.06849505009583663,
      0.0523103867751197,
      0.015574800574628171,
      0.033118533507309623,
      0.0345584158396814,
      0.03718630994204432,
      0.008183537102013357,
      0.014652003189956301,
      0.014889116393693256
    ],
    "w2_per_dim": [
      0.9772025051453338,
      0.9859889384840677,
      0.9089431026640585,
      0.9056514726798495,
      0.8162992393655941,
      1.0357208173028505,
      1.1385716986347387,
      0.9927651112561818,
      1.0088800621490484,
      0.9600284248707627,
      0.8068609931962097,
      1.1148616885687497,
      1.0276353524536566,
      1.2385931639492278,
      0.9292314596729254,
      0.9874422096193751,
      0.9355919796072604,
      1.063298167931538,
      0.7539359416814002,
      0.8077046632447871,
      0.6468704572591574
    ],
    "kl_pq_per_dim": [
      0.00754436220836496,
      0.005318873129168029,
      0.00810255868444042,
      0.007578559011988126,
      0.01231908348459753,
      0.011646191343973527,
      0.012707907563150102,
      0.008140811278150695,
      0.01314988552645242,
      0.008702363213780718,
      0.008015487527818242,
      0.015514406792830032,
      0.02022819500218467,
      0.013880918296697652,
      0.011378629928077682,
      0.010521670567484827,
      0.008658750664217294,
      0.010164108907587437,
      0.008065539782970112,
      0.006383261262110007,
      0.006142848319283764
    ],
    "kl_qp_per_dim": [
      0.010464691827522216,
      0.007353858333182594,
      0.010218543576939049,
      0.011191289818062358,
      0.018703631909481384,
      0.015332148350808476,
      0.01590509252542464,
      0.01132645628227608,
      0.01495878128265445,
      0.012935873923952044,
      0.011094654609339831,
      0.021004649516883793,
      0.028271024085947324,
      0.019077296919796684,
      0.014954536021470193,
      0.014998921613998177,
      0.012415254220134888,
      0.014037688357705812,
      0.011299631898813623,
      0.008464788650638632,
      0.00815961857165582
    ],
    "mean_shift": 0.024655845016241074,
    "std_ratio": 1.0025734901428223
  },
  "correlation": {
    "pearson_per_dim": [
      -0.021688339461298733,
      -0.0007267861566714541,
      0.01346837251037206,
      -0.000816901903455203,
      0.017434661124157216,
      -0.02219356722244222,
      -0.0031666523889569715,
      0.012291775066443671,
      0.013901219223103395,
      0.0026579233663900593,
      -0.0067617329992152465,
      -0.008069039561175956,
      0.018972179972038674,
      0.016380387531897033,
      -0.007211684821460796,
      -0.01800788810627829,
      -0.02469105043463883,
      -0.03810495707006927,
      0.015732014556889502,
      -0.011859481336260785,
      -0.03996882169964209
    ],
    "pearson_mean_abs": 0.0149574017387075,
    "pearson_min": -0.03996882169964209,
    "cca": {
      "canonical_correlations": [
        0.19129787260101033,
        0.16872824306842943,
        0.16105345101740956,
        0.1522662687602246,
        0.14121729293736937,
        0.13584396287385347,
        0.12697290936469918,
        0.10430692723717411,
        0.10194236021156303,
        0.08876430433735472,
        0.08368878655270892,
        0.07822895904502543,
        0.07126944453271426,
        0.05882238468038066,
        0.05053379194637036,
        0.03447883977193734,
        0.0302624145433453,
        0.026939921032748237,
        0.017935341268343435,
        0.01049596388482745,
        0.0008919951445277203
      ],
      "mean_canonical_corr": 0.08742578261009604,
      "frac_above_half": 0.0,
      "n_components": 21
    },
    "mutual_information": 0.0,
    "sliced_w2_noise": 0.14121858914660704,
    "w1_noise_mean": 0.11311148665039789,
    "w2_noise_mean": 0.13121413331543733,
    "w1_noise_per_dim": [
      0.05525541773301666,
      0.04488523431515204,
      0.13856537606749042,
      0.06819271958028549,
      0.21920195752126165,
      0.07742874241969547,
      0.23811724111560034,
      0.06797849139399476,
      0.08782238774297732,
      0.08323668977468329,
      0.044281268589955285,
      0.1037138996165595,
      0.09037006043939255,
      0.11276152668840952,
      0.0651003469441857,
      0.06525909850550668,
      0.0857897947085148,
      0.10047333663591415,
      0.23888186727423452,
      0.08977727428596699,
      0.29824848830555856
    ],
    "w2_noise_per_dim": [
      0.0729258243277506,
      0.05906594849974453,
      0.146167750534327,
      0.08506983554823634,
      0.23373847366890463,
      0.09991749985288825,
      0.25305614383487124,
      0.09382378806988298,
      0.10726406028843152,
      0.09656308335597513,
      0.06895625131893665,
      0.11699965749521363,
      0.12216122157609172,
      0.14686199212841974,
      0.08667888579497963,
      0.0826823222742502,
      0.10109942355709382,
      0.11875296069657251,
      0.25174003877507944,
      0.10424877426772035,
      0.30772286375881375
    ],
    "kl_noise_sym": 0.02235950783157748,
    "kl_noise_pq": 0.023651429349274018,
    "kl_noise_qp": 0.021067586313880955,
    "kl_noise_pq_per_dim": [
      0.015328556214100567,
      0.0075956470361888484,
      0.017300733641458767,
      0.008515084537604835,
      0.03649515132446206,
      0.018307817588805456,
      0.054819203581442544,
      0.01831989859388157,
      0.015456470460453075,
      0.011346463521799119,
      0.0165170326507586,
      0.026637658879671684,
      0.031899266853012115,
      0.04092127781074893,
      0.01833788313640262,
      0.012892567217076335,
      0.0158362540241229,
      0.019518577174481046,
      0.043367143292834934,
      0.013618600589526741,
      0.05364872820592159
    ],
    "kl_noise_qp_per_dim": [
      0.009331898970095232,
      0.006317259008509658,
      0.015482454980900569,
      0.00854710982478742,
      0.04000884390028689,
      0.017400952125103057,
      0.049165238088710636,
      0.011688329719608804,
      0.013480506965958419,
      0.010183136929009524,
      0.007818620331976979,
      0.02374468995298715,
      0.021786996890732244,
      0.03585553436272734,
      0.012973677206263164,
      0.010687012467372158,
      0.015259938591949813,
      0.019050395372668637,
      0.04460688692519732,
      0.012976881705882574,
      0.05605294827077244
    ],
    "ks_stat_zprime": 0.02683887750324107,
    "ks_pval_zprime": 1.0260996546706952e-26
  }
}