{
  "strategy": "quality",
  "n_full": 2000,
  "n_subset": 8000,
  "removal_frac": 0.8,
  "divergence": {
    "mmd": 0.0006251270587590563,
    "sliced_w2": 0.998528881112089,
    "jsd": 0.002863695553368739,
    "kl_pq": 0.015299425822756545,
    "kl_qp": 0.011388905134445682,
    "kl_sym": 0.013344165478601113,
    "w1_mean": 0.029946645834737867,
    "w2_mean": 1.045477798326755,
    "w1_per_dim": [
      0.020116840224131002,
      0.05014347074844409,
      0.037299056426796595,
      0.012180630333081359,
      0.012594146445742808,
      0.03706321556068724,
      0.031941707390360535,
      0.03823409954865929
    ],
    "w2_per_dim": [
      1.096909119559443,
      0.7957933356250447,
      1.1529362498159563,
      0.9956304837154635,
      1.1558974612777215,
      0.9695903266389981,
      1.1838721822541594,
      1.0131932277272522
    ],
    "kl_pq_per_dim": [
      0.01814301660484505,
      0.01130441727790052,
      0.018535304308912988,
      0.01557512295929497,
      0.015056688900728785,
      0.018029055530856125,
      0.015448376803307177,
      0.010303424196206754
    ],
    "kl_qp_per_dim": [
      0.01262891646211461,
      0.00904840240165166,
      0.012667802617667822,
      0.010848756073840416,
      0.011614221854596618,
      0.012994727669106948,
      0.012618202950221688,
      0.008690211046365685
    ],
    "mean_shift": 0.025645527988672256,
    "std_ratio": 1.0045418739318848
  },
  "correlation": {
    "pearson_per_dim": [
      0.018757381947609304,
      -0.011963202634569257,
      0.02558279770724727,
      -0.016809375583114645,
      0.002753112688297658,
      0.018547824825352686,
      -0.005331963842166481,
      -0.006700572104674572
    ],
    "pearson_mean_abs": 0.013305778916628984,
    "pearson_min": -0.016809375583114645,
    "cca": {
      "canonical_correlations": [
        0.06269563114543732,
        0.047948570416881955,
        0.04103397426139989,
        0.029603130408505717,
        0.02532721020767438,
        0.013707947220083687,
        0.009297665745391254,
        0.001904807435284869
      ],
      "mean_canonical_corr": 0.028939867105082385,
      "frac_above_half": 0.0,
      "n_components": 8
    },
    "mutual_information": 0.0,
    "sliced_w2_noise": 0.13525318834116423,
    "w1_noise_mean": 0.12292213152799006,
    "w2_noise_mean": 0.13934124320144795,
    "w1_noise_per_dim": [
      0.0894545896130603,
      0.1784557393961186,
      0.07482496857948719,
      0.2344314835515336,
      0.08084610924309166,
      0.07774945934393328,
      0.07750806715025105,
      0.17010663534644482
    ],
    "w2_noise_per_dim": [
      0.10193184529174784,
      0.18442442684852384,
      0.09544889011689538,
      0.2598090954293187,
      0.09858113317832413,
      0.09791933203108809,
      0.09753096408956427,
      0.17908425862612123
    ],
    "kl_noise_sym": 0.024521474918128387,
    "kl_noise_pq": 0.02471001020399739,
    "kl_noise_qp": 0.024332939632259385,
    "kl_noise_pq_per_dim": [
      0.020396900816946208,
      0.023455890001059965,
      0.016449255995638103,
      0.050857248611298346,
      0.023801950070588697,
      0.01730530329180138,
      0.020172936227795445,
      0.02524059661685097
    ],
    "kl_noise_qp_per_dim": [
      0.020156698387412103,
      0.024888818412513003,
      0.014548171148823147,
      0.059348363142512586,
      0.02183484095814043,
      0.010085170684591808,
      0.019172028803671498,
      0.024629425520410503
    ],
    "ks_stat_zprime": 0.03026121454153638,
    "ks_pval_zprime": 2.3785424873663596e-51
  }
}