{
  "strategy": "state_region",
  "n_full": 1806,
  "n_subset": 8194,
  "removal_frac": 0.9,
  "divergence": {
    "mmd": 0.0010824020968566161,
    "sliced_w2": 0.929474252403379,
    "jsd": 0.003052308213125147,
    "kl_pq": 0.017013615363060793,
    "kl_qp": 0.01218481116901485,
    "kl_sym": 0.014599213266037823,
    "w1_mean": 0.03131243040078786,
    "w2_mean": 0.9826151318881102,
    "w1_per_dim": [
      0.015251863885632646,
      0.018617552466908053,
      0.011277418022307289,
      0.060300082436489294,
      0.026654092387979795,
      0.03834579230074175,
      0.022893790717774753,
      0.013855679393619542,
      0.0413535968737618,
      0.02480911701225836,
      0.01300978725447246,
      0.02119424999839145,
      0.05358078298132675,
      0.08503122112838236,
      0.04880704901317758,
      0.02718597652877931,
      0.03506897893026032,
      0.03276571856631815,
      0.01676381594961183,
      0.039684872971445254,
      0.011109599596906328
    ],
    "w2_per_dim": [
      1.0178707877326072,
      1.0232240572205933,
      0.915431154522371,
      0.8869376428392951,
      0.8141110837556643,
      1.0824170540597644,
      1.2070557438054903,
      1.0139652491343327,
      1.054658208627989,
      0.9894367551462396,
      0.8017077587206924,
      1.1121796332845282,
      1.0956096714768535,
      1.2894018916773207,
      0.9089870270770747,
      1.0571456517101543,
      0.9705585651862094,
      1.110117941942001,
      0.7608426924145414,
      0.8503678664591514,
      0.6728913328574397
    ],
    "kl_pq_per_dim": [
      0.01827153123313701,
      0.010626172619056289,
      0.014414805144094336,
      0.017023880042731004,
      0.01611418347803872,
      0.016209423889370845,
      0.02242965003008684,
      0.0129996730552852,
      0.018165808929477275,
      0.01031419736114355,
      0.012955974370098815,
      0.018101220350135564,
      0.029282710646781528,
      0.023709313248306663,
      0.01771255550059358,
      0.01789158709386964,
      0.020793447978381292,
      0.021187047072433924,
      0.016156603510161113,
      0.013225128745432985,
      0.009701008325660499
    ],
    "kl_qp_per_dim": [
      0.011349474644390007,
      0.007416057406276008,
      0.009840369943383066,
      0.012801854267478784,
      0.011250588260793252,
      0.011593791237265373,
      0.017730641051067815,
      0.009189371883736594,
      0.014970119077794043,
      0.007304611880457841,
      0.009327002310217871,
      0.012320111821146023,
      0.019787263518913134,
      0.018550186940154513,
      0.013625949610723501,
      0.01234636305434527,
      0.013399145000108276,
      0.01380263395168473,
      0.010461340446765185,
      0.010861513073770684,
      0.007952645168839857
    ],
    "mean_shift": 0.026279404759407043,
    "std_ratio": 0.9988119006156921
  },
  "correlation": {
    "pearson_per_dim": [
      -0.002418197892635465,
      0.003030249540622371,
      -0.0017235647772083935,
      0.009191694716527357,
      -0.01141340285698596,
      -0.0029388582366977668,
      -0.00606666664459126,
      0.001435306469508387,
      0.01582319475837499,
      0.011227197147868222,
      0.003277959816065655,
      -0.0018004589985004503,
      -0.00043087557046183575,
      0.003050484133529022,
      -0.01071188258577373,
      0.011129738306669724,
      -0.019167801504046733,
      -0.022369302132093472,
      -0.019424224128063158,
      -0.009883959743193088,
      8.841145288984918e-05
    ],
    "pearson_mean_abs": 0.007933496733919377,
    "pearson_min": -0.022369302132093472,
    "cca": {
      "canonical_correlations": [
        0.09249598891230669,
        0.08801367982779075,
        0.07657401594233533,
        0.07476887731660434,
        0.06873127350228404,
        0.06586200379142573,
        0.06057437629808882,
        0.05630776112954568,
        0.052965244941045535,
        0.04573931199692986,
        0.03799052146944271,
        0.03567881370273535,
        0.028056969402821458,
        0.025212837342791502,
        0.02264218544914527,
        0.019049300796864066,
        0.013341222960775112,
        0.009744100208046039,
        0.0064281702753941055,
        0.005861081310759866,
        0.0013381033180330626
      ],
      "mean_canonical_corr": 0.042255992375960255,
      "frac_above_half": 0.0,
      "n_components": 21
    },
    "mutual_information": 0.0,
    "sliced_w2_noise": 0.12257276996143031,
    "w1_noise_mean": 0.10056528898970911,
    "w2_noise_mean": 0.11621939519502776,
    "w1_noise_per_dim": [
      0.037076127847960175,
      0.03856774699158319,
      0.11961756198358507,
      0.07913142010623958,
      0.13341173141664556,
      0.07214184277320206,
      0.23386427298065735,
      0.05786243618689048,
      0.08610147683863527,
      0.05992581040520575,
      0.05347440116161694,
      0.06912728157176036,
      0.074583845008186,
      0.09032340423974228,
      0.10116879083449191,
      0.06967863274779124,
      0.05622505102816038,
      0.08311710462607626,
      0.23176817165442232,
      0.10448333493987612,
      0.2602206234411629
    ],
    "w2_noise_per_dim": [
      0.05352704456021051,
      0.05017308561541139,
      0.13054754162870363,
      0.09287606547686349,
      0.15715893072284673,
      0.09285936688023759,
      0.2514409101268546,
      0.07289870874141371,
      0.11115346041685825,
      0.0735985797496719,
      0.07226804241056041,
      0.0816031624016725,
      0.08993667479905078,
      0.1132729405124813,
      0.12201156441233796,
      0.08267767733947808,
      0.06840425481859437,
      0.10248324130507963,
      0.2428572521837,
      0.11181262570245375,
      0.26704616929110264
    ],
    "kl_noise_sym": 0.01881279399541926,
    "kl_noise_pq": 0.01878175055092216,
    "kl_noise_qp": 0.01884383743991635,
    "kl_noise_pq_per_dim": [
      0.006593930398089978,
      0.0051784984489406626,
      0.01810431664314999,
      0.010392624959996766,
      0.02768114571299856,
      0.0124382893231255,
      0.05964645187364562,
      0.00949655535362724,
      0.02107564331008975,
      0.008950345377015376,
      0.011042325802579866,
      0.01130351867821255,
      0.012665552900661719,
      0.026967375694602235,
      0.02072860843776443,
      0.011554616214419399,
      0.009576594014215515,
      0.016855901858627283,
      0.041396982882972715,
      0.01142173407208514,
      0.041345749612545085
    ],
    "kl_noise_qp_per_dim": [
      0.00667550933660616,
      0.004491618885181343,
      0.01768964294002255,
      0.010375659945057646,
      0.030045774629187352,
      0.013211008712168328,
      0.06650784969760942,
      0.009555340411044048,
      0.01890368285246443,
      0.007235096097763072,
      0.009000075544568952,
      0.012838727535414648,
      0.012295065114503668,
      0.02575431499541038,
      0.019485459263233824,
      0.01197820228647933,
      0.008902522382869007,
      0.017173497479002223,
      0.04160430986020584,
      0.010016737395673277,
      0.04198049087377795
    ],
    "ks_stat_zprime": 0.02537908752046411,
    "ks_pval_zprime": 1.0282660192151507e-96
  }
}