{
  "strategy": "quality",
  "n_full": 3000,
  "n_subset": 7000,
  "removal_frac": 0.7,
  "divergence": {
    "mmd": 0.0015497011882311673,
    "sliced_w2": 0.7552961650046293,
    "jsd": 0.0026617369424284743,
    "kl_pq": 0.008369103484092989,
    "kl_qp": 0.007568021795063321,
    "kl_sym": 0.007968562639578155,
    "w1_mean": 0.04053785818072391,
    "w2_mean": 0.8276412892258243,
    "w1_per_dim": [
      0.02184099250131597,
      0.08418222208219094,
      0.06354159910925886,
      0.038899993997178084,
      0.029602163407330715,
      0.03357217933439339,
      0.026789568114160958,
      0.025874146899962355
    ],
    "w2_per_dim": [
      0.9521903941932401,
      0.6513337952223397,
      0.9342655356986013,
      0.851173744609064,
      0.9526653889949057,
      0.6930991852339417,
      0.9465589491433831,
      0.639843320711119
    ],
    "kl_pq_per_dim": [
      0.00633957547283375,
      0.01196378426365774,
      0.012864189545288077,
      0.0069164164554129,
      0.007087000035858659,
      0.010684409341539115,
      0.005926305126606024,
      0.005171147631547638
    ],
    "kl_qp_per_dim": [
      0.005203508368771349,
      0.012346088484432777,
      0.010906601989651411,
      0.0063874879080346655,
      0.006562678610350226,
      0.00880477193033385,
      0.0052769072818593145,
      0.0050561297870729775
    ],
    "mean_shift": 0.033411744982004166,
    "std_ratio": 1.011512041091919
  },
  "correlation": {
    "pearson_per_dim": [
      0.015414130248339784,
      -0.014313158719886197,
      0.021746997319062697,
      -0.011935071938443457,
      0.0055433927013509255,
      0.011690194154088458,
      -0.005405955230866932,
      -0.011174455695794934
    ],
    "pearson_mean_abs": 0.012152919500979173,
    "pearson_min": -0.014313158719886197,
    "cca": {
      "canonical_correlations": [
        0.06026960071433202,
        0.045800468116888,
        0.03767938457248929,
        0.03076680304497367,
        0.025269797190208894,
        0.019654840937630792,
        0.01634853148929607,
        0.009957567284194866
      ],
      "mean_canonical_corr": 0.0307183741687517,
      "frac_above_half": 0.0,
      "n_components": 8
    },
    "mutual_information": 0.0,
    "sliced_w2_noise": 0.13451639395983403,
    "w1_noise_mean": 0.12255131445967905,
    "w2_noise_mean": 0.13844625147151243,
    "w1_noise_per_dim": [
      0.0927010502536619,
      0.16644105591953012,
      0.0736436330622112,
      0.2329440186304369,
      0.08352445637082563,
      0.07641393356457615,
      0.07370846015026158,
      0.18103390772592892
    ],
    "w2_noise_per_dim": [
      0.10497671093225422,
      0.17216407046171478,
      0.09405555858185656,
      0.2565999556551356,
      0.09978352816917954,
      0.09660231016619572,
      0.09350561452749746,
      0.18988226327826557
    ],
    "kl_noise_sym": 0.024300092915012457,
    "kl_noise_pq": 0.024571223605975114,
    "kl_noise_qp": 0.0240289622240498,
    "kl_noise_pq_per_dim": [
      0.022731730552814376,
      0.020467050890501104,
      0.0166020319619968,
      0.05063854895451106,
      0.02436131055646187,
      0.015490360968748949,
      0.019211654147067075,
      0.02706710081569967
    ],
    "kl_noise_qp_per_dim": [
      0.02261048156020551,
      0.02020902897825637,
      0.015038934458693908,
      0.05746767408934238,
      0.022403420991818995,
      0.0101969002730435,
      0.018285625505029504,
      0.02601963193600826
    ],
    "ks_stat_zprime": 0.030196482398679253,
    "ks_pval_zprime": 8.536542059170803e-45
  }
}