{
  "strategy": "state_region",
  "n_full": 8998,
  "n_subset": 1002,
  "removal_frac": 0.3,
  "divergence": {
    "mmd": 0.0006490047962008916,
    "sliced_w2": 1.1428795496395352,
    "jsd": 0.003943481618780097,
    "kl_pq": 0.019529318536482283,
    "kl_qp": 0.031938963389295506,
    "kl_sym": 0.025734140962888903,
    "w1_mean": 0.025696805161494682,
    "w2_mean": 1.09605544191846,
    "w1_per_dim": [
      0.02335791797571241,
      0.013279284160745374,
      0.0380453312784832,
      0.023759685505452627,
      0.023140728265987596,
      0.030637125725861945,
      0.021259847690829524,
      0.017805749958317144,
      0.011040646998620101,
      0.04347090837648766,
      0.01463388260167768,
      0.022723647731675647,
      0.03456190770083179,
      0.021730502317125495,
      0.017798070222897814,
      0.07136999805396563,
      0.030046974471827317,
      0.026126772742220514,
      0.02373734434135843,
      0.010594529315800242,
      0.020512052955510167
    ],
    "w2_per_dim": [
      1.1833317981896598,
      1.1620864763697114,
      0.9556709415852184,
      1.0321536282187134,
      0.869894748900096,
      1.215385649076072,
      1.4979856589445062,
      1.113203787665673,
      1.0837935685857687,
      1.108775757627215,
      0.8720720443060165,
      1.1981161627116306,
      1.2805778664047067,
      1.321034823720184,
      0.9763217516832167,
      1.1343570275804555,
      1.0695112245396836,
      1.3298144820573994,
      0.7807998630505963,
      0.9024598336949734,
      0.9298171853761575
    ],
    "kl_pq_per_dim": [
      0.013300383296141888,
      0.015738295461517095,
      0.018415111444863706,
      0.020515435310090643,
      0.022026947457400546,
      0.02281662168577897,
      0.0280799212583092,
      0.017759385431497365,
      0.022148177748962578,
      0.01840863750623197,
      0.018016502265636388,
      0.018916198525570138,
      0.021840439971044137,
      0.03101830244683273,
      0.021685971448855822,
      0.021120804087020835,
      0.016689063434564312,
      0.01921206334248659,
      0.015652521095068053,
      0.01228661998520151,
      0.014468286063053441
    ],
    "kl_qp_per_dim": [
      0.019221903971148428,
      0.028729032840230977,
      0.031231542832126112,
      0.03564652331266625,
      0.03416330933917578,
      0.039110187205612594,
      0.04539370993594178,
      0.031429071017827395,
      0.0394504883037925,
      0.02893847156414995,
      0.031098957937896073,
      0.029619619010967387,
      0.0301103727491163,
      0.04601976015353158,
      0.03820317564776624,
      0.031230810171656742,
      0.02481949362824223,
      0.03380209224724107,
      0.026568919551192116,
      0.022738947780599754,
      0.02319184197432452
    ],
    "mean_shift": 0.021186809986829758,
    "std_ratio": 0.9894747734069824
  },
  "correlation": {
    "pearson_per_dim": [
      -0.027535163696328087,
      0.0269653937842474,
      0.026731596009445538,
      -0.01329909562888907,
      0.015300359111561771,
      0.010845570342659957,
      0.007097398446676447,
      0.01714628506986153,
      -0.0005536763788487426,
      0.01726591970497064,
      0.015550147838725454,
      -0.0435712142159111,
      0.00267211235532719,
      -0.0001481167757375141,
      -0.01928941104534308,
      0.004681100366954588,
      -0.01819496264745348,
      -0.02083050313945965,
      -0.08261645081722876,
      0.006626808935652024,
      -0.02149567382673131
    ],
    "pearson_mean_abs": 0.018972236197048256,
    "pearson_min": -0.08261645081722876,
    "cca": {
      "canonical_correlations": [
        0.28227018233591644,
        0.24003693804524626,
        0.2312265158556788,
        0.21548263844837842,
        0.1992787075892727,
        0.18458852028844303,
        0.16986657813107078,
        0.15565052602434745,
        0.1301986607462231,
        0.1294190662292215,
        0.11619922847740545,
        0.10718969904888107,
        0.08142445138980123,
        0.07216927942482333,
        0.06936789862152416,
        0.05357291000173609,
        0.04015133050968584,
        0.02843053884000178,
        0.01876911087143101,
        0.018093379996016103,
        0.012290580190158608
      ],
      "mean_canonical_corr": 0.12169889243167917,
      "frac_above_half": 0.0,
      "n_components": 21
    },
    "mutual_information": 0.0,
    "sliced_w2_noise": 0.14046559514540624,
    "w1_noise_mean": 0.10731479753972215,
    "w2_noise_mean": 0.1271431365712516,
    "w1_noise_per_dim": [
      0.03514250941568068,
      0.046901590730149115,
      0.08189159108150633,
      0.11291265058630479,
      0.09334783188017184,
      0.06206936218325949,
      0.27650831455581854,
      0.08717544078285347,
      0.08131901437357186,
      0.07830378817425572,
      0.048689608976322525,
      0.10437930849491864,
      0.07298034795891006,
      0.07870098454413585,
      0.15146857063321328,
      0.10238444017172127,
      0.07135734198282204,
      0.0723964512748309,
      0.25813207065482335,
      0.08772967254546399,
      0.24981985733343126
    ],
    "w2_noise_per_dim": [
      0.05557360579954884,
      0.06243992799711383,
      0.10006271702418822,
      0.1380996057079153,
      0.11356884222631558,
      0.07805602870413118,
      0.2945883165673541,
      0.09829634934736581,
      0.10933786583776345,
      0.09867787479975713,
      0.07084560800302088,
      0.13866168236819798,
      0.0950467245451298,
      0.09894367612311643,
      0.1678560604845394,
      0.1226727092826185,
      0.08940801825007709,
      0.10984254963222036,
      0.2679213285718835,
      0.09685384208932857,
      0.26325253463469783
    ],
    "kl_noise_sym": 0.020296507757433607,
    "kl_noise_pq": 0.020663675705874067,
    "kl_noise_qp": 0.019929339808993144,
    "kl_noise_pq_per_dim": [
      0.006568781196853665,
      0.007704039053057958,
      0.012889419440116234,
      0.015972274918634607,
      0.02231675479003938,
      0.00992949925594009,
      0.057582743327766264,
      0.015372505104944104,
      0.019744870640080365,
      0.010938843315148352,
      0.012472325378023664,
      0.02173556654489262,
      0.011494514484638367,
      0.018746270705339338,
      0.032347146354551194,
      0.0157937025829725,
      0.013498204700919815,
      0.021217752010941695,
      0.04817344405870873,
      0.00819319240653811,
      0.05124533955324837
    ],
    "kl_noise_qp_per_dim": [
      0.0063197734748757775,
      0.007039850375271627,
      0.011976269169705091,
      0.016853818073947584,
      0.02052954657484935,
      0.009201561681638864,
      0.061876468881449695,
      0.015487687802656278,
      0.016624077106201174,
      0.011263962363176443,
      0.009330534837494665,
      0.02435991863078275,
      0.010232501346763198,
      0.017764584677024006,
      0.021425826369662365,
      0.018690461427609367,
      0.013923379206142705,
      0.024474583397747246,
      0.05068604089496803,
      0.007656627372940691,
      0.04279866232394902
    ],
    "ks_stat_zprime": 0.024134975353390598,
    "ks_pval_zprime": 4.431640708417804e-11
  }
}