{
  "strategy": "state_region",
  "n_full": 9846,
  "n_subset": 154,
  "removal_frac": 0.1,
  "divergence": {
    "mmd": 0.00034806182053870316,
    "sliced_w2": 1.6039155055629153,
    "jsd": 0.026583060013150018,
    "kl_pq": 0.06412866566548471,
    "kl_qp": 0.15214991123869676,
    "kl_sym": 0.10813928845209075,
    "w1_mean": 0.0541214202506017,
    "w2_mean": 1.1565575050173873,
    "w1_per_dim": [
      0.04954706975955638,
      0.03543355659595298,
      0.033244488972478455,
      0.14632717538733547,
      0.0514011122620661,
      0.0644802756357098,
      0.051052844157141064,
      0.1341881867367147,
      0.051485161986598374,
      0.04682142487004415,
      0.04767721202997334,
      0.05255486884017543,
      0.036049138741579695,
      0.024333193004052484,
      0.0804659112718546,
      0.01594349948380578,
      0.02823321060561154,
      0.03554416447057232,
      0.033523118803250394,
      0.04019071559497471,
      0.07805349605318805
    ],
    "w2_per_dim": [
      1.2534875761814614,
      1.2455672011699936,
      0.998902112431347,
      1.1357828924019064,
      0.880804003262899,
      1.3128078700892671,
      1.5691901285881515,
      1.0621869837556324,
      1.0417065603091111,
      1.174998429904596,
      0.8699460377947238,
      1.2006707667197096,
      1.3690898124883992,
      1.3323252860685884,
      0.9007522611008996,
      1.253161012827761,
      1.1221036352506721,
      1.3945179067654507,
      0.7833767231623433,
      0.9548646880295424,
      1.4314657170626823
    ],
    "kl_pq_per_dim": [
      0.05020384965468258,
      0.04882502781398494,
      0.053318175019803196,
      0.1013851343543068,
      0.07983747730783819,
      0.055367216748406216,
      0.09538359226218227,
      0.07585829537793157,
      0.07057664692575583,
      0.053484211764210275,
      0.06971701010141476,
      0.06606036282241207,
      0.064159889179736,
      0.08641211751233707,
      0.06673750378461596,
      0.045315085138517924,
      0.046246335208259645,
      0.0644699207999743,
      0.051577855403404343,
      0.05211651791072214,
      0.04964975388468283
    ],
    "kl_qp_per_dim": [
      0.12468707138198042,
      0.1217257060028692,
      0.14463232107577847,
      0.18798741189951676,
      0.16201356318595028,
      0.11753964608127444,
      0.16893384366165728,
      0.1900144754838077,
      0.1609985596563734,
      0.13513334169040878,
      0.21936565135926406,
      0.1667230738834807,
      0.1464279902381641,
      0.17301006085159,
      0.1420451145435279,
      0.11730756415392024,
      0.1129367780819881,
      0.1880048746480576,
      0.15231528320057214,
      0.16069452814662058,
      0.10265127678583014
    ],
    "mean_shift": 0.041418105363845825,
    "std_ratio": 0.9899199604988098
  },
  "correlation": {
    "pearson_per_dim": [
      -0.11292901025807442,
      0.08185408679260159,
      0.08297473326144263,
      0.09219300564746759,
      0.07902136873186101,
      -0.1521646438564462,
      0.0533907580899038,
      0.1469386254984616,
      -0.019719738685916338,
      -0.07347455771862187,
      0.15473263516651317,
      -0.10014540821334797,
      0.06684493186920026,
      -0.03004665902124058,
      0.07799941185791956,
      -0.19146833038677494,
      -0.045232503487873596,
      0.028136630486190275,
      -0.07969189888395155,
      0.1854702533720537,
      -0.004353970592531958
    ],
    "pearson_mean_abs": 0.08851348389897118,
    "pearson_min": -0.19146833038677494,
    "cca": {
      "canonical_correlations": [
        0.6958421222368346,
        0.6246290791885364,
        0.5581215663081848,
        0.531243749810344,
        0.4721928311093635,
        0.446065676042594,
        0.43255689552581517,
        0.3949925182006356,
        0.3693063135785832,
        0.3580414780207981,
        0.3018706049389453,
        0.28953385184641267,
        0.23488243781569473,
        0.1947697061632821,
        0.16719944242518636,
        0.15018693718723208,
        0.10580309889563812,
        0.10118090090971404,
        0.07059327489515611,
        0.018051775296410073,
        0.0017547918765389357
      ],
      "mean_canonical_corr": 0.31041995487009044,
      "frac_above_half": 0.19047619047619047,
      "n_components": 21
    },
    "mutual_information": 0.0,
    "sliced_w2_noise": 0.2270658629317342,
    "w1_noise_mean": 0.17544132454787484,
    "w2_noise_mean": 0.21603362306251983,
    "w1_noise_per_dim": [
      0.14370335133250361,
      0.23357548067563927,
      0.16070050833891933,
      0.15611899055709894,
      0.1507397733157041,
      0.13440131274499484,
      0.27805260572485724,
      0.32906487824518327,
      0.1678907066846702,
      0.09194925893854061,
      0.17407856847752223,
      0.3619177604257431,
      0.10359121571059106,
      0.11495572045542204,
      0.13086265105113098,
      0.11473993180537378,
      0.1294265241882244,
      0.14200461760326594,
      0.20781410773709572,
      0.12102851034565404,
      0.23765134114723702
    ],
    "w2_noise_per_dim": [
      0.18661315526462346,
      0.2721704687103669,
      0.2674937601100625,
      0.19734160191774247,
      0.19742899878740972,
      0.1814419190073248,
      0.3032514669885742,
      0.36415368114246266,
      0.21325506526977803,
      0.11912103637721147,
      0.22606043645182583,
      0.3915999356174293,
      0.1409768367672543,
      0.13555846214629538,
      0.16843214236505744,
      0.14179957874339197,
      0.1774248773025933,
      0.2005311945224964,
      0.23792378583186788,
      0.14556914606388774,
      0.2685585349252602
    ],
    "kl_noise_sym": 0.043308974205768215,
    "kl_noise_pq": 0.04250690470981487,
    "kl_noise_qp": 0.04411104370172155,
    "kl_noise_pq_per_dim": [
      0.0389733514023453,
      0.05403657109068072,
      0.10854019998341738,
      0.03255802736533871,
      0.03813324002946688,
      0.036920274170333785,
      0.05728596255177242,
      0.0775228189302586,
      0.03591759738839688,
      0.009103509613970242,
      0.040530850870623525,
      0.06823075958760934,
      0.023299564265100763,
      0.019985742496965057,
      0.03157276054081803,
      0.02149024051742799,
      0.03486224656032624,
      0.05925157451847754,
      0.043560733942264354,
      0.01873720730198051,
      0.04213176577853803
    ],
    "kl_noise_qp_per_dim": [
      0.03249768399217741,
      0.0662877886822977,
      0.057147426436079854,
      0.03479288273646143,
      0.030915706206602635,
      0.021726439582171665,
      0.06013419178192925,
      0.09298457168456295,
      0.05775504529726096,
      0.009175642791493507,
      0.07371406183183357,
      0.10501874932227327,
      0.019901631741821073,
      0.020140859473203376,
      0.023769068005963075,
      0.02102187660625136,
      0.04364091836207145,
      0.030017522697255817,
      0.061157834889602455,
      0.01838517528505568,
      0.046146840329784194
    ],
    "ks_stat_zprime": 0.035302934042595074,
    "ks_pval_zprime": 0.000615468771568155
  }
}