{
  "strategy": "quality",
  "n_full": 3000,
  "n_subset": 7000,
  "removal_frac": 0.7,
  "divergence": {
    "mmd": 0.19613737992840985,
    "sliced_w2": 0.48967187268728024,
    "jsd": 0.08079993215159524,
    "kl_pq": 0.3146445938398898,
    "kl_qp": 0.375894849571064,
    "kl_sym": 0.34526972170547693,
    "w1_mean": 0.21027646615394285,
    "w2_mean": 0.5606514939605592,
    "w1_per_dim": [
      0.1178372057375607,
      0.042102440983635546,
      0.5176324450420926,
      0.05847548180830606,
      0.3153347571981195
    ],
    "w2_per_dim": [
      0.3909368395018518,
      0.38182088950277804,
      1.1323058148706944,
      0.3802570903459854,
      0.5179368355814863
    ],
    "kl_pq_per_dim": [
      0.14702781146202631,
      0.035482333103801576,
      0.4000663954145439,
      0.04082527781425358,
      0.9498211514048237
    ],
    "kl_qp_per_dim": [
      0.14976638663893369,
      0.03299136145246935,
      0.38668563358958785,
      0.05548363056824728,
      1.2545472356060818
    ],
    "mean_shift": 0.19495554268360138,
    "std_ratio": 1.1357355117797852
  },
  "correlation": {
    "pearson_per_dim": [
      -0.01776112662365804,
      0.011629699883606029,
      -0.005759781123921017,
      -0.0006117554409637011,
      0.020179895971176823
    ],
    "pearson_mean_abs": 0.011188451808665121,
    "pearson_min": -0.01776112662365804,
    "cca": {
      "canonical_correlations": [
        0.03641231001047678,
        0.029558757064888835,
        0.023718368261130687,
        0.010758382714866649,
        0.0034736537640800455
      ],
      "mean_canonical_corr": 0.020784294363088603,
      "frac_above_half": 0.0,
      "n_components": 5
    },
    "mutual_information": 0.0,
    "sliced_w2_noise": 0.2286130613513557,
    "w1_noise_mean": 0.18243077340265568,
    "w2_noise_mean": 0.23503988472212595,
    "w1_noise_per_dim": [
      0.22026881001553347,
      0.15752570045838366,
      0.12527118655039518,
      0.14066116235278603,
      0.2684270076361801
    ],
    "w2_noise_per_dim": [
      0.2675051167179716,
      0.21617590876233042,
      0.17439281084665306,
      0.18366336573060194,
      0.3334622215530729
    ],
    "kl_noise_sym": 0.0917682229405675,
    "kl_noise_pq": 0.11525413492922354,
    "kl_noise_qp": 0.06828231095191142,
    "kl_noise_pq_per_dim": [
      0.12353868540722608,
      0.08807572024736506,
      0.06897742475181587,
      0.06506887094409844,
      0.23060997329561234
    ],
    "kl_noise_qp_per_dim": [
      0.0799032722946527,
      0.0583086429971104,
      0.04199862314119317,
      0.04016788392949967,
      0.12103313239710115
    ],
    "ks_stat_zprime": 0.05787073535881304,
    "ks_pval_zprime": 2.4927154944646303e-102
  }
}