{
  "strategy": "quality",
  "n_full": 5000,
  "n_subset": 5000,
  "removal_frac": 0.5,
  "divergence": {
    "mmd": 0.06938343423902682,
    "sliced_w2": 0.1872019138450839,
    "jsd": 0.0662811812712533,
    "kl_pq": 0.26790815246370336,
    "kl_qp": 0.29117997889690017,
    "kl_sym": 0.27954406568030177,
    "w1_mean": 0.15741794494890068,
    "w2_mean": 0.19804002110979707,
    "w1_per_dim": [
      0.07100170606417669,
      0.09425960499352695,
      0.16315063003388203,
      0.1595274466328661,
      0.2991503370200516
    ],
    "w2_per_dim": [
      0.09763528694660499,
      0.14830050041990755,
      0.19138987902447627,
      0.22709024545338333,
      0.3257841937046132
    ],
    "kl_pq_per_dim": [
      0.062240759491541627,
      0.049935361446578966,
      0.08575987083256231,
      0.16376181230277914,
      0.9778429582450545
    ],
    "kl_qp_per_dim": [
      0.07645073905242115,
      0.057174944340025936,
      0.08467213612173477,
      0.23031886613922103,
      1.007283208831098
    ],
    "mean_shift": 0.10198628902435303,
    "std_ratio": 1.2584205865859985
  },
  "correlation": {
    "pearson_per_dim": [
      -0.026039401634866535,
      0.006482806539250013,
      -0.008773941946108808,
      -0.004859567702823477,
      0.020756044822975144
    ],
    "pearson_mean_abs": 0.013382352529204796,
    "pearson_min": -0.026039401634866535,
    "cca": {
      "canonical_correlations": [
        0.04668004728057733,
        0.029327967100759515,
        0.018677003894386684,
        0.010648708406632961,
        0.003883533405478761
      ],
      "mean_canonical_corr": 0.021843452017567048,
      "frac_above_half": 0.0,
      "n_components": 5
    },
    "mutual_information": 0.0,
    "sliced_w2_noise": 0.21126923190960917,
    "w1_noise_mean": 0.1654106313953956,
    "w2_noise_mean": 0.22181715658106338,
    "w1_noise_per_dim": [
      0.2107935528230795,
      0.13714090497855796,
      0.0821633677654521,
      0.10805551629301338,
      0.2888998151168751
    ],
    "w2_noise_per_dim": [
      0.25351965467283905,
      0.1981840303984375,
      0.14609236936371764,
      0.15553766150661114,
      0.3557520669637116
    ],
    "kl_noise_sym": 0.09053631886967574,
    "kl_noise_pq": 0.11395414903997755,
    "kl_noise_qp": 0.06711848869937392,
    "kl_noise_pq_per_dim": [
      0.10744102183772333,
      0.07749877373644672,
      0.05761012292255155,
      0.0498450983698138,
      0.2773757283333524
    ],
    "kl_noise_qp_per_dim": [
      0.0715102553995444,
      0.05307364514840854,
      0.03660058039213536,
      0.030275153396359195,
      0.14413280916042212
    ],
    "ks_stat_zprime": 0.052349419013114074,
    "ks_pval_zprime": 5.517312179561113e-60
  }
}