{
  "strategy": "random",
  "n_full": 3000,
  "n_subset": 7000,
  "removal_frac": 0.7,
  "divergence": {
    "mmd": 0.0,
    "sliced_w2": 0.44568673891586913,
    "jsd": 0.0017234560006324634,
    "kl_pq": 0.00328361937921295,
    "kl_qp": 0.0029999078545453525,
    "kl_sym": 0.0031417636168791516,
    "w1_mean": 0.010333920512089702,
    "w2_mean": 0.4268673100246362,
    "w1_per_dim": [
      0.007828795401759552,
      0.014305405719367451,
      0.01594573608936203,
      0.010043867412282324,
      0.0035457979376771484
    ],
    "w2_per_dim": [
      0.2965549496382766,
      0.38915694443707033,
      0.7748495688182948,
      0.36326808657730997,
      0.3105070006522292
    ],
    "kl_pq_per_dim": [
      0.002930672407908839,
      0.004003602733076417,
      0.0046561319377859504,
      0.003999930612862929,
      0.0008277592044306156
    ],
    "kl_qp_per_dim": [
      0.0029807838827531343,
      0.0035418454511303935,
      0.004161407145740855,
      0.003445843472479091,
      0.0008696593206232888
    ],
    "mean_shift": 0.00843289215117693,
    "std_ratio": 1.0021382570266724
  },
  "correlation": {
    "pearson_per_dim": [
      -0.01815358291995789,
      0.016970956272765205,
      -0.011090410517960907,
      0.006929397627267602,
      0.009648136204632488
    ],
    "pearson_mean_abs": 0.01255849670851682,
    "pearson_min": -0.01815358291995789,
    "cca": {
      "canonical_correlations": [
        0.040833630605859615,
        0.02840376660612672,
        0.02191789135640599,
        0.016947840416140475,
        0.009291188219736804
      ],
      "mean_canonical_corr": 0.023478863440853922,
      "frac_above_half": 0.0,
      "n_components": 5
    },
    "mutual_information": 0.0,
    "sliced_w2_noise": 0.22134432468608015,
    "w1_noise_mean": 0.18039498262795886,
    "w2_noise_mean": 0.23118723774654967,
    "w1_noise_per_dim": [
      0.21223864659844965,
      0.1452045389910428,
      0.1286205882400827,
      0.14992775752468357,
      0.26598338178553554
    ],
    "w2_noise_per_dim": [
      0.263524833375606,
      0.197300608199508,
      0.1718182749453848,
      0.18953676844616696,
      0.3337557037660827
    ],
    "kl_noise_sym": 0.08664979621968144,
    "kl_noise_pq": 0.10594182444532167,
    "kl_noise_qp": 0.06735776799404118,
    "kl_noise_pq_per_dim": [
      0.1170156518030101,
      0.06890044850825847,
      0.07309075241922267,
      0.0685247128323717,
      0.20217755666374543
    ],
    "kl_noise_qp_per_dim": [
      0.07364801572474769,
      0.04871791714973725,
      0.059685978177471066,
      0.0422653908366853,
      0.11247153808156465
    ],
    "ks_stat_zprime": 0.058915434869656974,
    "ks_pval_zprime": 4.804907763965614e-106
  }
}