{
  "strategy": "state_region",
  "n_full": 5285,
  "n_subset": 4715,
  "removal_frac": 0.7,
  "divergence": {
    "mmd": 0.00029816742864230417,
    "sliced_w2": 0.18531164474751877,
    "jsd": 0.0016933409424609246,
    "kl_pq": 0.0012976715777711378,
    "kl_qp": 0.0013091044416083729,
    "kl_sym": 0.0013033880096897555,
    "w1_mean": 0.020243645292660168,
    "w2_mean": 0.1526853042056762,
    "w1_per_dim": [
      0.02295476289440891,
      0.011332953842186157,
      0.02369894107341875,
      0.01729544456936774,
      0.04117356001987063,
      0.007411890930930037,
      0.023101449248824502,
      0.014980159762274606
    ],
    "w2_per_dim": [
      0.18335907806604315,
      0.18762719871613637,
      0.15552715472315204,
      0.2053975023061731,
      0.09897140899235374,
      0.1235299890841742,
      0.16256149285730306,
      0.10450860890007395
    ],
    "kl_pq_per_dim": [
      0.001106593801448277,
      0.0012150298287903342,
      0.001983871066609518,
      0.001612156724956607,
      0.0017679540913143436,
      0.0004684997508258206,
      0.0013141441059877287,
      0.0009131232522364731
    ],
    "kl_qp_per_dim": [
      0.0011206316875236374,
      0.0012213420401012971,
      0.0020116651800842593,
      0.0016158787463546442,
      0.001788113236984832,
      0.0004806668762475843,
      0.0013297266215292827,
      0.0009048111440414456
    ],
    "mean_shift": 0.019110312685370445,
    "std_ratio": 1.000460147857666
  },
  "correlation": {
    "pearson_per_dim": [
      -0.005517975542219542,
      -0.015331937664978812,
      0.021867238926303604,
      -0.011757924068120597,
      -0.004232032390176171,
      0.021654685777194368,
      -0.044833895291544974,
      -0.011844740347157368
    ],
    "pearson_mean_abs": 0.01713005375096193,
    "pearson_min": -0.044833895291544974,
    "cca": {
      "canonical_correlations": [
        0.07359910946372997,
        0.061144873555169836,
        0.052620251541674705,
        0.052448868014166934,
        0.03469810167451169,
        0.026447179712058115,
        0.012240633214299303,
        0.003480528990018233
      ],
      "mean_canonical_corr": 0.039584943270703596,
      "frac_above_half": 0.0,
      "n_components": 8
    },
    "mutual_information": 0.0,
    "sliced_w2_noise": 0.13738972257807833,
    "w1_noise_mean": 0.12243809601025504,
    "w2_noise_mean": 0.1428239319139325,
    "w1_noise_per_dim": [
      0.07921472052531958,
      0.16561248065941558,
      0.07736161017039786,
      0.22988444609158096,
      0.09393359696963396,
      0.06591990317827179,
      0.08551206748152629,
      0.1820659430058943
    ],
    "w2_noise_per_dim": [
      0.09423823481395072,
      0.17333219163336006,
      0.09579523708017709,
      0.26931850263372725,
      0.11599568808433185,
      0.09107970514322304,
      0.11264137395683224,
      0.19019052196585773
    ],
    "kl_noise_sym": 0.025104506497582096,
    "kl_noise_pq": 0.025030394533980576,
    "kl_noise_qp": 0.025178618461183615,
    "kl_noise_pq_per_dim": [
      0.01785140900014888,
      0.02047143339384904,
      0.01701964351591387,
      0.051817736676037444,
      0.03006891229892773,
      0.012520669807085064,
      0.024425502605704575,
      0.026067848974178007
    ],
    "kl_noise_qp_per_dim": [
      0.017909897918725194,
      0.020714966395926203,
      0.015250967624212929,
      0.06167175933381791,
      0.028016302539788457,
      0.010045032618326045,
      0.023410350926959696,
      0.02440967033171247
    ],
    "ks_stat_zprime": 0.031803367204784244,
    "ks_pval_zprime": 1.399946111303427e-33
  }
}