{
  "strategy": "random",
  "n_full": 1000,
  "n_subset": 9000,
  "removal_frac": 0.9,
  "divergence": {
    "mmd": 0.0,
    "sliced_w2": 1.146957341118943,
    "jsd": 0.004314658321296803,
    "kl_pq": 0.03285664522240404,
    "kl_qp": 0.019541003427212975,
    "kl_sym": 0.02619882432480851,
    "w1_mean": 0.025050574623021203,
    "w2_mean": 1.10753844309101,
    "w1_per_dim": [
      0.03621289169881493,
      0.03527774471567116,
      0.007914193845354028,
      0.01966601525454057,
      0.019117518878955814,
      0.02740122064834254,
      0.02096422901144251,
      0.02672331155559772,
      0.03687942510876908,
      0.04559485879615467,
      0.02670454790262091,
      0.011229256020574313,
      0.022282807174992435,
      0.01553908147347263,
      0.03290067164201496,
      0.0559194342565671,
      0.01382281005030704,
      0.03162569077959698,
      0.015032705114171336,
      0.016337418574943315,
      0.008916234580541237
    ],
    "w2_per_dim": [
      1.1602888886932836,
      1.1342822762526983,
      0.9856175939069657,
      1.0046478136449168,
      0.8684882789453182,
      1.2174640471943152,
      1.4960333844874951,
      1.1502497785322743,
      1.1179601964749803,
      1.104486990192544,
      0.8363950307658212,
      1.2119434694192035,
      1.3234248023597823,
      1.3165007995092533,
      1.0112880614095576,
      1.2398021189510195,
      1.1060799029592947,
      1.3296781177525303,
      0.8133639611269283,
      0.914464668858496,
      0.915847123474532
    ],
    "kl_pq_per_dim": [
      0.03012750471642032,
      0.026201335204487575,
      0.03004791883102177,
      0.02664722447492008,
      0.03377901085308628,
      0.035760505624196574,
      0.04764577057027016,
      0.03269106064993437,
      0.0529350941934465,
      0.027121320455661027,
      0.02856046236629288,
      0.03292904644776326,
      0.03151206703886184,
      0.04376153267452708,
      0.03750934957657526,
      0.02807251592023621,
      0.02672671090376381,
      0.02813280140404411,
      0.030701832159741493,
      0.0289939637649416,
      0.030132521840292747
    ],
    "kl_qp_per_dim": [
      0.017320948425394323,
      0.01654645309020391,
      0.01685101437936938,
      0.016621176090768516,
      0.021646610134002,
      0.021381456316902234,
      0.028513083932429097,
      0.017879240366183668,
      0.028842452515521824,
      0.01707809961796097,
      0.017784156916918856,
      0.01947762733072518,
      0.018732167582979638,
      0.028348982005463645,
      0.023620150396930727,
      0.017556690248734276,
      0.015535537943332005,
      0.017129364564516678,
      0.01771046520040501,
      0.015492168860420607,
      0.01629322605230988
    ],
    "mean_shift": 0.020177176222205162,
    "std_ratio": 1.0032113790512085
  },
  "correlation": {
    "pearson_per_dim": [
      -0.012066485335090471,
      -0.0011861469798129327,
      -0.008845439582099879,
      0.00973532731029482,
      -0.010551263253871167,
      0.0028066673519497346,
      -0.002466340505921805,
      0.004747844887579954,
      0.01737357508718614,
      0.003750862888545837,
      -0.006927922432181411,
      0.0007424433979314395,
      0.008284972584776788,
      0.0005937680568381862,
      -0.007637456052269445,
      0.005892301521254925,
      -0.024955273999979266,
      -0.02042777912348851,
      -0.015099542946148058,
      -0.008471853972577832,
      -0.003693403252698776
    ],
    "pearson_mean_abs": 0.008393174786785588,
    "pearson_min": -0.024955273999979266,
    "cca": {
      "canonical_correlations": [
        0.09127083995448841,
        0.08171389987209103,
        0.07616712168846607,
        0.06836355267877782,
        0.06621228413752299,
        0.06476708856741241,
        0.06148563234460221,
        0.055875458798287814,
        0.04835791374942446,
        0.03821393670650324,
        0.03615900809381443,
        0.032691290553360626,
        0.03087753245177815,
        0.029021204182182094,
        0.025224088243299116,
        0.019714426152539814,
        0.018483644739232422,
        0.011554942751938605,
        0.0072314844970808945,
        0.004771390661821657,
        0.0029982230510824407
      ],
      "mean_canonical_corr": 0.04148356970836699,
      "frac_above_half": 0.0,
      "n_components": 21
    },
    "mutual_information": 0.0,
    "sliced_w2_noise": 0.1249383417046712,
    "w1_noise_mean": 0.10248705211786371,
    "w2_noise_mean": 0.11803425406856412,
    "w1_noise_per_dim": [
      0.03452651740809474,
      0.04518573478031934,
      0.12997288155754602,
      0.07513642455595414,
      0.1485047773405612,
      0.07222399552746273,
      0.22440771578647078,
      0.05596364897750835,
      0.08603051980939441,
      0.057326252969491176,
      0.04800707413062791,
      0.07116315873294496,
      0.0777720222581985,
      0.09588330185020462,
      0.09669414867720884,
      0.06797001611366514,
      0.06497259212166599,
      0.08780421630705654,
      0.23752661072346376,
      0.11194784988631824,
      0.2632086349609809
    ],
    "w2_noise_per_dim": [
      0.04801415097797717,
      0.05779484336877422,
      0.13950131143715036,
      0.09065376368020979,
      0.1702445040358805,
      0.09489781315495782,
      0.24208717161705054,
      0.0704052236135684,
      0.11067615065207767,
      0.07012110719608004,
      0.0640202996913332,
      0.08168514006672187,
      0.09623655848051911,
      0.12188315726138733,
      0.11758576710106507,
      0.0794277670525601,
      0.07672400878893904,
      0.10689576230003861,
      0.24785274749370295,
      0.12159878035514987,
      0.27041330711470263
    ],
    "kl_noise_sym": 0.019258988572932345,
    "kl_noise_pq": 0.019323181351158656,
    "kl_noise_qp": 0.019194795794706034,
    "kl_noise_pq_per_dim": [
      0.004757954667808709,
      0.0058351842275971635,
      0.01952187366531829,
      0.010342795218599802,
      0.030690978594594055,
      0.013906584433063817,
      0.05757178012163065,
      0.010260163993518333,
      0.02168800534153547,
      0.00835816587798479,
      0.00900173517869768,
      0.01136710233299303,
      0.015089566187609142,
      0.029087822803440896,
      0.01978312488213695,
      0.010379754520231202,
      0.011144236310720257,
      0.01846097302487644,
      0.04115843640272684,
      0.01468157544679,
      0.04269899514245827
    ],
    "kl_noise_qp_per_dim": [
      0.0050970375807148,
      0.005334275936884517,
      0.017889804249642774,
      0.009991854587857396,
      0.03348308248647755,
      0.014183967524484763,
      0.061575949232507296,
      0.009289117433585974,
      0.017589549452855197,
      0.006799610462548164,
      0.007348389575680752,
      0.012895994364170032,
      0.01391968930074534,
      0.027718563064762766,
      0.01936448971948411,
      0.01071260950250276,
      0.010880020933841092,
      0.020004101214649503,
      0.04296655057813323,
      0.012455017156278288,
      0.04359103733102032
    ],
    "ks_stat_zprime": 0.02666390472939667,
    "ks_pval_zprime": 3.637662777815037e-117
  }
}