{
  "strategy": "quality",
  "n_full": 2000,
  "n_subset": 8000,
  "removal_frac": 0.8,
  "divergence": {
    "mmd": 0.00023555770977579105,
    "sliced_w2": 0.8817603619863317,
    "jsd": 0.0022953705528548814,
    "kl_pq": 0.012098205629978048,
    "kl_qp": 0.008938709649889895,
    "kl_sym": 0.010518457639933969,
    "w1_mean": 0.020640762418290944,
    "w2_mean": 0.9456558834953729,
    "w1_per_dim": [
      0.010304638076224368,
      0.011953231871128085,
      0.03386474709783215,
      0.009089672609581611,
      0.01403622257558163,
      0.021089154643937947,
      0.007985808576631826,
      0.014271148881554839,
      0.01891069179106853,
      0.04745941140432843,
      0.018464546891889772,
      0.007430975607421714,
      0.03190364669667906,
      0.011164338552218399,
      0.007508537937712387,
      0.054438476151874055,
      0.02207643641647883,
      0.012293369117600376,
      0.019739402228675314,
      0.038667117999459155,
      0.02080443565623136
    ],
    "w2_per_dim": [
      0.9684506926399495,
      0.9603138878214634,
      0.8746263701320922,
      0.9187434609558284,
      0.815277220673064,
      1.0595867682647586,
      1.128489307601634,
      0.9820491765643479,
      0.9949011888548552,
      0.9352416679072809,
      0.7744729734824747,
      1.0744211091250664,
      1.0598020543949216,
      1.1990126370499634,
      0.9317249725181438,
      0.9661760189806536,
      0.9488926622827432,
      1.0209311255769875,
      0.7586197553429515,
      0.8340911364140644,
      0.6529493668195893
    ],
    "kl_pq_per_dim": [
      0.008230087601476156,
      0.009853397066872348,
      0.012854222925364492,
      0.011485748708335707,
      0.011026029309084428,
      0.015671909729522288,
      0.01884077236783443,
      0.008987441058573244,
      0.015309959704388884,
      0.012006286737555556,
      0.010731785336315502,
      0.010612445100159074,
      0.012917158867992554,
      0.015025749174323432,
      0.014165636879395607,
      0.012776843835782495,
      0.010075337347707825,
      0.01111835701739549,
      0.01060246330356142,
      0.012559782715409518,
      0.009210903442488495
    ],
    "kl_qp_per_dim": [
      0.0062513410109476895,
      0.006786772518491468,
      0.009026716115120549,
      0.007818143402876034,
      0.008358505487740654,
      0.010712751539752326,
      0.013330647009290604,
      0.006968585806514943,
      0.010457836528599036,
      0.009095604469246427,
      0.008398673530107963,
      0.00776039887948361,
      0.010112229498039152,
      0.01141678878805176,
      0.009869284674973642,
      0.010745908967865401,
      0.007604412011289308,
      0.008079116848213858,
      0.008048563407384716,
      0.009582549042276976,
      0.007288073111421687
    ],
    "mean_shift": 0.01763998530805111,
    "std_ratio": 1.0047978162765503
  },
  "correlation": {
    "pearson_per_dim": [
      -0.0027991812056932393,
      -0.002221087712700868,
      -0.01026858308730054,
      0.00882209232836431,
      -0.007155143006988047,
      -0.0019365408793301823,
      -0.004728706841820761,
      0.004291033249922643,
      0.011488072862624045,
      0.002721164696521554,
      -0.002959834110007067,
      0.010193625127009541,
      0.007666597954115199,
      0.005822976537216775,
      -0.008367926491015969,
      0.005856096574008458,
      -0.024550476574639987,
      -0.016156688795731306,
      -0.005220136734172313,
      0.0005056366609953189,
      0.003057986084323892
    ],
    "pearson_mean_abs": 0.006989980357833429,
    "pearson_min": -0.024550476574639987,
    "cca": {
      "canonical_correlations": [
        0.09750391205456259,
        0.0821512772761763,
        0.07646632751571758,
        0.07092473260577949,
        0.06734168493985883,
        0.062303086193051166,
        0.06187511120618972,
        0.05431748713146263,
        0.04451760108283739,
        0.04322048390619135,
        0.038868618903465955,
        0.034551843848670924,
        0.030535602665411984,
        0.026899775068991987,
        0.019682687063664956,
        0.01843510183880131,
        0.015671027497629216,
        0.01003580297323194,
        0.007861717815075081,
        0.004648331270981288,
        0.0003310822007584268
      ],
      "mean_canonical_corr": 0.041340156907548095,
      "frac_above_half": 0.0,
      "n_components": 21
    },
    "mutual_information": 0.0,
    "sliced_w2_noise": 0.12694986584591123,
    "w1_noise_mean": 0.10517789821054345,
    "w2_noise_mean": 0.1206653582898359,
    "w1_noise_per_dim": [
      0.04283987817985692,
      0.04046455436464203,
      0.1253981322719628,
      0.07977743067529809,
      0.15536835229123974,
      0.07505518719971953,
      0.22208251633599593,
      0.0625016610673665,
      0.0784806826105287,
      0.06699735368438269,
      0.05889281921185468,
      0.07175779150564636,
      0.08934036111955446,
      0.09802684227723511,
      0.08449770874050774,
      0.06961329388475676,
      0.06266949375861805,
      0.09075558880496716,
      0.24474080678921017,
      0.12711490168298148,
      0.2623605059650872
    ],
    "w2_noise_per_dim": [
      0.05640491809197713,
      0.05245886922054056,
      0.13486345354574697,
      0.09178709895201236,
      0.1741139286964007,
      0.09880056909099788,
      0.23965963171573484,
      0.07678602806345733,
      0.10365708721273897,
      0.0790038787836694,
      0.0714419711271018,
      0.08072129408085445,
      0.10567934053026191,
      0.12709063879921972,
      0.10942449394971594,
      0.08335750472765581,
      0.07660360918129407,
      0.10927129764651171,
      0.2552375678831533,
      0.13832580651951265,
      0.26928353626799617
    ],
    "kl_noise_sym": 0.019456544108084024,
    "kl_noise_pq": 0.019465066344774656,
    "kl_noise_qp": 0.019448021871393384,
    "kl_noise_pq_per_dim": [
      0.0072413095519161955,
      0.005671255130604737,
      0.017565486142346848,
      0.009963717174585728,
      0.028996504795284782,
      0.01614095573994486,
      0.05620839699872341,
      0.0104147043805442,
      0.019171312881639892,
      0.008111917036762614,
      0.009193095440249252,
      0.012475057439529733,
      0.015813898539064772,
      0.029906072567377998,
      0.020185370428776467,
      0.011743877199251376,
      0.011819741755802107,
      0.017734673161192083,
      0.042067073740097924,
      0.016487393868468616,
      0.04185457926810425
    ],
    "kl_noise_qp_per_dim": [
      0.007471692731168384,
      0.004980489804175469,
      0.0168226709767689,
      0.009500830789593354,
      0.03153716344077143,
      0.0162520357793047,
      0.05923020468942289,
      0.01046579368268723,
      0.018081028718701195,
      0.006956051951791366,
      0.00812458802736573,
      0.014158108740418984,
      0.01496726543323439,
      0.02787797427472002,
      0.018749708954338737,
      0.012073252472414074,
      0.011245727664304407,
      0.017886542790549985,
      0.04467640140701655,
      0.014552986819067804,
      0.04279794015144543
    ],
    "ks_stat_zprime": 0.026795735179928393,
    "ks_pval_zprime": 3.1793805825211457e-105
  }
}