{
  "strategy": "quality",
  "n_full": 7000,
  "n_subset": 3000,
  "removal_frac": 0.3,
  "divergence": {
    "mmd": 0.006955996801932152,
    "sliced_w2": 0.7688384909885959,
    "jsd": 0.0042399649747023455,
    "kl_pq": 0.015051328021110713,
    "kl_qp": 0.016541152017197556,
    "kl_sym": 0.015796240019154133,
    "w1_mean": 0.0765148695781827,
    "w2_mean": 0.8006078594750905,
    "w1_per_dim": [
      0.03569635093065777,
      0.12915782463138123,
      0.11121651134912722,
      0.05508095455624252,
      0.010530779462751178,
      0.09940183769975834,
      0.08093334874858903,
      0.09010134924695429
    ],
    "w2_per_dim": [
      0.9524797943653872,
      0.8273504209966942,
      0.7655122658789955,
      0.9176151705696356,
      0.9817057373819024,
      0.5975983004042641,
      0.8385153013074508,
      0.5240858848963943
    ],
    "kl_pq_per_dim": [
      0.00872239296301166,
      0.027537436793426795,
      0.018659170454969905,
      0.009617533926937566,
      0.004332401575118342,
      0.01612705065594011,
      0.012029184068856932,
      0.023385453730624388
    ],
    "kl_qp_per_dim": [
      0.009084732016666909,
      0.03149458411755941,
      0.018612486650829436,
      0.010285003493366696,
      0.005101405795486041,
      0.01687267531265209,
      0.012934876607038973,
      0.027943452143980897
    ],
    "mean_shift": 0.07410323619842529,
    "std_ratio": 1.0169730186462402
  },
  "correlation": {
    "pearson_per_dim": [
      0.031341313909150105,
      -0.0067043426177114335,
      0.01750106047899646,
      0.0015786274555532897,
      0.004552740093001761,
      0.004882072031346703,
      0.0072316327947968655,
      -0.010680820064191252
    ],
    "pearson_mean_abs": 0.010559076180593483,
    "pearson_min": -0.010680820064191252,
    "cca": {
      "canonical_correlations": [
        0.09612251316446409,
        0.0845606403426011,
        0.05304376811432086,
        0.038199878740518944,
        0.019194117525387105,
        0.013650696154993765,
        0.008909461268508492,
        0.0005776432221551069
      ],
      "mean_canonical_corr": 0.03928233981661869,
      "frac_above_half": 0.0,
      "n_components": 8
    },
    "mutual_information": 0.0,
    "sliced_w2_noise": 0.13854133337812863,
    "w1_noise_mean": 0.1254352285144984,
    "w2_noise_mean": 0.14282321131289594,
    "w1_noise_per_dim": [
      0.07851538851399285,
      0.14474842699637522,
      0.06160386372266416,
      0.25328053640717796,
      0.09276975730531073,
      0.1468124722212766,
      0.06719973972186559,
      0.158551643227324
    ],
    "w2_noise_per_dim": [
      0.09289794814912243,
      0.1510923882300191,
      0.08648479011473989,
      0.28027698751491475,
      0.11113533636924376,
      0.1626550877543223,
      0.09033685672831017,
      0.16770629564249517
    ],
    "kl_noise_sym": 0.02543007905372663,
    "kl_noise_pq": 0.026590913441044438,
    "kl_noise_qp": 0.024269244666408812,
    "kl_noise_pq_per_dim": [
      0.020639503099234333,
      0.016704165786995066,
      0.016614867854108144,
      0.05283876520352225,
      0.026165534774684793,
      0.030616717119599544,
      0.021349306399913386,
      0.027798447290298012
    ],
    "kl_noise_qp_per_dim": [
      0.01827099566638063,
      0.01598676216596997,
      0.010494651526047656,
      0.0628201591529879,
      0.02476943178925698,
      0.021529727995946463,
      0.017187252809197966,
      0.02309497622548294
    ],
    "ks_stat_zprime": 0.03306155190190824,
    "ks_pval_zprime": 3.1617053464823785e-23
  }
}