{
  "strategy": "quality",
  "n_full": 6000,
  "n_subset": 4000,
  "removal_frac": 0.4,
  "divergence": {
    "mmd": 0.005367314109313126,
    "sliced_w2": 0.47777732834191916,
    "jsd": 0.002918741351846983,
    "kl_pq": 0.008377918782414739,
    "kl_qp": 0.00884751922180655,
    "kl_sym": 0.008612719002110645,
    "w1_mean": 0.05898006549813241,
    "w2_mean": 0.4611565491245199,
    "w1_per_dim": [
      0.028887622432007144,
      0.10987380735071688,
      0.11985566661064512,
      0.05173751958160816,
      0.012429235157091172,
      0.049466178846351495,
      0.04124539311998524,
      0.05834510088665411
    ],
    "w2_per_dim": [
      0.5584074975810545,
      0.6203260277305005,
      0.2998988642184833,
      0.667196377174491,
      0.5474627723401198,
      0.3254767973414926,
      0.4154816902752196,
      0.2550023663347983
    ],
    "kl_pq_per_dim": [
      0.0046177641603954555,
      0.01905870345611388,
      0.015713241595822547,
      0.005045124632865765,
      0.001705153437017051,
      0.005348897512846305,
      0.0032900965506975355,
      0.012244368913559366
    ],
    "kl_qp_per_dim": [
      0.004712048853349169,
      0.021290747678010882,
      0.015509119336897956,
      0.005222040622007915,
      0.0018721029873363243,
      0.005301180998683999,
      0.0034381103680430625,
      0.013434802930123092
    ],
    "mean_shift": 0.055809810757637024,
    "std_ratio": 1.0177178382873535
  },
  "correlation": {
    "pearson_per_dim": [
      0.019470275299672067,
      -0.008014320953119195,
      0.02718277888232348,
      -0.01488704637985387,
      -0.011968647350837388,
      -0.003270387981455379,
      -0.011438944876852849,
      -0.01450553023588788
    ],
    "pearson_mean_abs": 0.013842241495000261,
    "pearson_min": -0.01488704637985387,
    "cca": {
      "canonical_correlations": [
        0.08248839376131471,
        0.06499689626883776,
        0.03979595629299005,
        0.034188526940849694,
        0.020921493500304644,
        0.01664734679647275,
        0.0067844067812376455,
        0.0024970807296448056
      ],
      "mean_canonical_corr": 0.033540012633956506,
      "frac_above_half": 0.0,
      "n_components": 8
    },
    "mutual_information": 0.0,
    "sliced_w2_noise": 0.13706072278113834,
    "w1_noise_mean": 0.1242688754484223,
    "w2_noise_mean": 0.14059474952049977,
    "w1_noise_per_dim": [
      0.08658129040175117,
      0.146050426403388,
      0.06413050788997496,
      0.25326082856551374,
      0.09022629488072562,
      0.10833892299856959,
      0.07137967061307425,
      0.1741830618343811
    ],
    "w2_noise_per_dim": [
      0.10029579820392567,
      0.15091753750702908,
      0.0888398866435211,
      0.27553203961003847,
      0.10938239758959868,
      0.12217907261874007,
      0.09437175620052321,
      0.18323950779062176
    ],
    "kl_noise_sym": 0.02442121961829615,
    "kl_noise_pq": 0.02486719978734331,
    "kl_noise_qp": 0.023975239449248995,
    "kl_noise_pq_per_dim": [
      0.02254770300267697,
      0.01672219118237625,
      0.016613178209348985,
      0.05062999485611797,
      0.026582017868611287,
      0.018666509708342632,
      0.01952276421166318,
      0.02765323925960922
    ],
    "kl_noise_qp_per_dim": [
      0.01974101353736999,
      0.016052187859536486,
      0.012204853347444882,
      0.060896578202533386,
      0.024642797963311393,
      0.012951281967615379,
      0.018850633254709714,
      0.026462569461470714
    ],
    "ks_stat_zprime": 0.03104214683852119,
    "ks_pval_zprime": 3.1838999472950404e-27
  }
}