{
  "strategy": "state_region",
  "n_full": 8172,
  "n_subset": 1828,
  "removal_frac": 0.4,
  "divergence": {
    "mmd": 0.02686652064697037,
    "sliced_w2": 0.6237565437734831,
    "jsd": 0.033904598191304446,
    "kl_pq": 0.14309748775319955,
    "kl_qp": 0.11564790152056799,
    "kl_sym": 0.12937269463688375,
    "w1_mean": 0.10343655110798325,
    "w2_mean": 0.5924759386070404,
    "w1_per_dim": [
      0.09623295642813261,
      0.16899036165228518,
      0.10689954259786348,
      0.12297092427384658,
      0.022088970587788397
    ],
    "w2_per_dim": [
      0.4146573539868989,
      0.6386140991265304,
      0.9636719113939746,
      0.5890034108208054,
      0.35643291770699304
    ],
    "kl_pq_per_dim": [
      0.17145274587145737,
      0.2555967114508909,
      0.0749110553281693,
      0.17445581627283568,
      0.039071109842644475
    ],
    "kl_qp_per_dim": [
      0.1290539650155179,
      0.19855815306528662,
      0.06852394328487137,
      0.13708579215420674,
      0.0450176540829572
    ],
    "mean_shift": 0.01972831040620804,
    "std_ratio": 0.7467923760414124
  },
  "correlation": {
    "pearson_per_dim": [
      -0.0003057717610594514,
      0.019762272413471164,
      0.017042748138401852,
      0.01820624494108622,
      0.01101125561121979
    ],
    "pearson_mean_abs": 0.013265658573047696,
    "pearson_min": -0.0003057717610594514,
    "cca": {
      "canonical_correlations": [
        0.07505833257632052,
        0.03660543787650899,
        0.032703601400797824,
        0.015298121427449426,
        0.0037474621167662516
      ],
      "mean_canonical_corr": 0.032682591079568606,
      "frac_above_half": 0.0,
      "n_components": 5
    },
    "mutual_information": 0.0,
    "sliced_w2_noise": 0.2632327717178512,
    "w1_noise_mean": 0.21582478637832797,
    "w2_noise_mean": 0.2683302738023345,
    "w1_noise_per_dim": [
      0.25287619039140363,
      0.18187015330066386,
      0.18580478957360147,
      0.18261634564530682,
      0.2759564529806642
    ],
    "w2_noise_per_dim": [
      0.3086093991547284,
      0.2302272651314638,
      0.2303415567447975,
      0.23259772370974624,
      0.33987542427093653
    ],
    "kl_noise_sym": 0.11528017545409672,
    "kl_noise_pq": 0.14668665561233413,
    "kl_noise_qp": 0.0838736952958593,
    "kl_noise_pq_per_dim": [
      0.2175931257334199,
      0.09316986375492248,
      0.10990235998763694,
      0.11285482152249886,
      0.19991310706319246
    ],
    "kl_noise_qp_per_dim": [
      0.10923305678700168,
      0.06350412206607994,
      0.06818034347306078,
      0.06178183694908885,
      0.11666911720406527
    ],
    "ks_stat_zprime": 0.0813905044406628,
    "ks_pval_zprime": 4.077774825218228e-53
  }
}