{
  "strategy": "random",
  "n_full": 9000,
  "n_subset": 1000,
  "removal_frac": 0.1,
  "divergence": {
    "mmd": 0.0,
    "sliced_w2": 0.7836873086496133,
    "jsd": 0.004417043895751415,
    "kl_pq": 0.015764582574117118,
    "kl_qp": 0.020713202662923452,
    "kl_sym": 0.018238892618520287,
    "w1_mean": 0.02090971155171146,
    "w2_mean": 0.7453195821860031,
    "w1_per_dim": [
      0.01393031937079487,
      0.030961864437410544,
      0.022845442699414797,
      0.020393799301850278,
      0.016417131949086776
    ],
    "w2_per_dim": [
      0.5324761057603066,
      0.9208510852949561,
      1.0333293211380528,
      0.8235653271144644,
      0.4163760716222363
    ],
    "kl_pq_per_dim": [
      0.006450085309238679,
      0.020697390736457256,
      0.022000215260835072,
      0.01984590315289414,
      0.00982931841116043
    ],
    "kl_qp_per_dim": [
      0.00714441011046181,
      0.026956269699494835,
      0.03341711549386796,
      0.02587904341157605,
      0.010169174599216627
    ],
    "mean_shift": 0.018265491351485252,
    "std_ratio": 0.9929690361022949
  },
  "correlation": {
    "pearson_per_dim": [
      -0.034399180015404734,
      0.0533354269148701,
      -0.008948990947124402,
      -0.00023346266289609986,
      0.017618368975246827
    ],
    "pearson_mean_abs": 0.022907085903108432,
    "pearson_min": -0.034399180015404734,
    "cca": {
      "canonical_correlations": [
        0.17012602852990602,
        0.09505447453126412,
        0.040099765761846984,
        0.025895432389726344,
        0.020687075049979218
      ],
      "mean_canonical_corr": 0.07037255525254454,
      "frac_above_half": 0.0,
      "n_components": 5
    },
    "mutual_information": 0.0,
    "sliced_w2_noise": 0.23209649645605063,
    "w1_noise_mean": 0.18605197954911853,
    "w2_noise_mean": 0.23776399707455562,
    "w1_noise_per_dim": [
      0.21460018355591454,
      0.16026683459267954,
      0.13279043006530264,
      0.18092461761110462,
      0.24167783192059142
    ],
    "w2_noise_per_dim": [
      0.26667216390480636,
      0.21121943778894928,
      0.18759920741491995,
      0.2267724504140253,
      0.2965567258500773
    ],
    "kl_noise_sym": 0.10071829230751753,
    "kl_noise_pq": 0.13668395621386803,
    "kl_noise_qp": 0.064752628401167,
    "kl_noise_pq_per_dim": [
      0.10210363637029371,
      0.09337630285622843,
      0.07919751092656696,
      0.11467970939165595,
      0.29406262152459506
    ],
    "kl_noise_qp_per_dim": [
      0.07021773767969877,
      0.05213028550091064,
      0.05284023479967647,
      0.04943566923707317,
      0.09913921478847595
    ],
    "ks_stat_zprime": 0.06492937970710774,
    "ks_pval_zprime": 9.051857315039478e-19
  }
}