{
  "strategy": "quality",
  "n_full": 4000,
  "n_subset": 6000,
  "removal_frac": 0.6,
  "divergence": {
    "mmd": 0.11158969372905814,
    "sliced_w2": 0.3588685181773746,
    "jsd": 0.06507627908933986,
    "kl_pq": 0.24149401444042534,
    "kl_qp": 0.2827464788012028,
    "kl_sym": 0.26212024662081407,
    "w1_mean": 0.1759062106929738,
    "w2_mean": 0.42898832232103457,
    "w1_per_dim": [
      0.08732831819199478,
      0.038251302828318026,
      0.3620820581648768,
      0.10727044915716837,
      0.284598925122511
    ],
    "w2_per_dim": [
      0.283226099748192,
      0.2932664654004497,
      0.8473257946471768,
      0.2880314642828847,
      0.43309178752646976
    ],
    "kl_pq_per_dim": [
      0.08614958633982994,
      0.01026137601798286,
      0.22548266041196002,
      0.08043147696969717,
      0.8051449724626567
    ],
    "kl_qp_per_dim": [
      0.09468623273574511,
      0.010855809602606948,
      0.25459360453259383,
      0.11425720190200048,
      0.9393395452330677
    ],
    "mean_shift": 0.1497439444065094,
    "std_ratio": 1.182687520980835
  },
  "correlation": {
    "pearson_per_dim": [
      -0.0233319905823773,
      0.00676689858571887,
      -0.005210431778948171,
      -0.003690714364453472,
      0.01943193772193784
    ],
    "pearson_mean_abs": 0.01168639460668713,
    "pearson_min": -0.0233319905823773,
    "cca": {
      "canonical_correlations": [
        0.04225927111643789,
        0.03655613984407416,
        0.02670537842175017,
        0.011669004073420777,
        0.0022780360892032114
      ],
      "mean_canonical_corr": 0.023893565908977243,
      "frac_above_half": 0.0,
      "n_components": 5
    },
    "mutual_information": 0.0,
    "sliced_w2_noise": 0.21997976180841747,
    "w1_noise_mean": 0.17353569198873398,
    "w2_noise_mean": 0.2277462475341559,
    "w1_noise_per_dim": [
      0.22073137526721984,
      0.1423810154076879,
      0.10139312975680753,
      0.1289926564550818,
      0.2741802830568728
    ],
    "w2_noise_per_dim": [
      0.2672029160282914,
      0.2004368491697863,
      0.15844055375695712,
      0.1729168487463268,
      0.33973406996941774
    ],
    "kl_noise_sym": 0.09062494628003175,
    "kl_noise_pq": 0.114226813358971,
    "kl_noise_qp": 0.06702307920109249,
    "kl_noise_pq_per_dim": [
      0.11995451287002395,
      0.0774545590909583,
      0.061709623487864004,
      0.05728581114102522,
      0.25472956020498355
    ],
    "kl_noise_qp_per_dim": [
      0.07974760490563867,
      0.05204490808534516,
      0.038965977883814666,
      0.03576880564193197,
      0.12858809948873196
    ],
    "ks_stat_zprime": 0.05611928712966108,
    "ks_pval_zprime": 1.4537452129258793e-82
  }
}