{
  "strategy": "random",
  "n_full": 7000,
  "n_subset": 3000,
  "removal_frac": 0.3,
  "divergence": {
    "mmd": 0.0,
    "sliced_w2": 0.4453049452445716,
    "jsd": 0.0016506454879082332,
    "kl_pq": 0.003435070936295294,
    "kl_qp": 0.003800562234227068,
    "kl_sym": 0.0036178165852611805,
    "w1_mean": 0.007573188149848595,
    "w2_mean": 0.4341118639400127,
    "w1_per_dim": [
      0.006908796698145337,
      0.01006624571829308,
      0.0065088615602050745,
      0.010692896983436489,
      0.0036891397891629894
    ],
    "w2_per_dim": [
      0.30196726474998425,
      0.41490193345960236,
      0.764734056391719,
      0.3789548114519511,
      0.310001253646807
    ],
    "kl_pq_per_dim": [
      0.002200848090612438,
      0.004415244935411318,
      0.004502460056682055,
      0.004569643453474489,
      0.0014871581452961715
    ],
    "kl_qp_per_dim": [
      0.0023644173541061677,
      0.004837045417663777,
      0.0055465060216854335,
      0.004927957124992544,
      0.0013268852526874173
    ],
    "mean_shift": 0.004459230694919825,
    "std_ratio": 1.004868745803833
  },
  "correlation": {
    "pearson_per_dim": [
      -0.02181391952901519,
      0.03242625205991679,
      -0.0015712384358626632,
      0.007729341387720795,
      0.036609713664445945
    ],
    "pearson_mean_abs": 0.020030093015392277,
    "pearson_min": -0.02181391952901519,
    "cca": {
      "canonical_correlations": [
        0.0785760845687005,
        0.06054957787968567,
        0.04943059040152917,
        0.034590178706482275,
        0.02079357604980047
      ],
      "mean_canonical_corr": 0.04878800152123962,
      "frac_above_half": 0.0,
      "n_components": 5
    },
    "mutual_information": 0.0,
    "sliced_w2_noise": 0.2285906926292998,
    "w1_noise_mean": 0.18653094342174686,
    "w2_noise_mean": 0.23705023558320878,
    "w1_noise_per_dim": [
      0.20511143117570702,
      0.15592678446749533,
      0.1475868089886111,
      0.15630664784078546,
      0.2677230446361354
    ],
    "w2_noise_per_dim": [
      0.25640085087476905,
      0.2069282054675753,
      0.18945654351496813,
      0.19337695622675782,
      0.3390886218319737
    ],
    "kl_noise_sym": 0.09226553328679629,
    "kl_noise_pq": 0.11621772593251989,
    "kl_noise_qp": 0.06831334064107271,
    "kl_noise_pq_per_dim": [
      0.10715464777073824,
      0.07729593222032304,
      0.08373764169503352,
      0.0633913372476271,
      0.2495090707288775
    ],
    "kl_noise_qp_per_dim": [
      0.06775538557211819,
      0.053264876362025156,
      0.061995459455633894,
      0.04376801904686685,
      0.11478296276871947
    ],
    "ks_stat_zprime": 0.061327134172321496,
    "ks_pval_zprime": 1.742890979451701e-49
  }
}