{
  "strategy": "random",
  "n_full": 5000,
  "n_subset": 5000,
  "removal_frac": 0.5,
  "divergence": {
    "mmd": 0.00043903376071774414,
    "sliced_w2": 0.03406264664770788,
    "jsd": 0.0017717499818259395,
    "kl_pq": 0.0015001440477332415,
    "kl_qp": 0.0014951840680976383,
    "kl_sym": 0.00149766405791544,
    "w1_mean": 0.025344287553732282,
    "w2_mean": 0.034451132069471445,
    "w1_per_dim": [
      0.043120920546911655,
      0.014268964016623796,
      0.030288873697351663,
      0.014809413232933728,
      0.03947550402469933,
      0.010816508312616498,
      0.02705182600552216,
      0.022922290593199435
    ],
    "w2_per_dim": [
      0.05955479926827209,
      0.01795944066161969,
      0.03944622693006403,
      0.018768481351504187,
      0.059510504844816264,
      0.014569957079063146,
      0.036653606158827505,
      0.029146040261604653
    ],
    "kl_pq_per_dim": [
      0.0030954994092531884,
      0.001533782154710779,
      0.0017161558080380952,
      0.0005177806108043956,
      0.0019378650091487898,
      0.0011443973167939122,
      0.0009957374063232875,
      0.0010599346667934835
    ],
    "kl_qp_per_dim": [
      0.0030664031167235845,
      0.0015175247528599082,
      0.0017097840489841108,
      0.0005169776386836468,
      0.0019377985876622011,
      0.0011541093957679995,
      0.0009866709740113944,
      0.001072204030088262
    ],
    "mean_shift": 0.024419205263257027,
    "std_ratio": 0.9998999834060669
  },
  "correlation": {
    "pearson_per_dim": [
      0.011269278136844096,
      -0.005011706130522525,
      0.014615887369362656,
      0.0030956920454453317,
      0.003490905195992845,
      0.028220753652135798,
      -0.02836918322493373,
      -0.013318132545461873
    ],
    "pearson_mean_abs": 0.013423942287587356,
    "pearson_min": -0.02836918322493373,
    "cca": {
      "canonical_correlations": [
        0.07984298314257768,
        0.06639531118277309,
        0.05082937584578362,
        0.04323154312823843,
        0.03117246245411891,
        0.02710066345860692,
        0.018066975220844623,
        0.0039922780196687685
      ],
      "mean_canonical_corr": 0.0400789490565765,
      "frac_above_half": 0.0,
      "n_components": 8
    },
    "mutual_information": 0.0,
    "sliced_w2_noise": 0.13488464186948193,
    "w1_noise_mean": 0.11803119850160547,
    "w2_noise_mean": 0.13368180403905064,
    "w1_noise_per_dim": [
      0.08392690098162565,
      0.20008020261761555,
      0.05996041788303702,
      0.2366295374678477,
      0.08541597300989089,
      0.05222644620027568,
      0.07579465153262718,
      0.15021545831992408
    ],
    "w2_noise_per_dim": [
      0.10004334220868127,
      0.20581555245770075,
      0.07476695216400814,
      0.25972101788669527,
      0.1044481511355427,
      0.07395792824928178,
      0.09478184688061891,
      0.15591964132987626
    ],
    "kl_noise_sym": 0.023518460196577738,
    "kl_noise_pq": 0.023665234247844013,
    "kl_noise_qp": 0.023371686145311463,
    "kl_noise_pq_per_dim": [
      0.022552546373876384,
      0.029661546342872644,
      0.01326284793082901,
      0.05169183180367989,
      0.024302710361078533,
      0.011206241309950085,
      0.01904288849536787,
      0.017601261365097695
    ],
    "kl_noise_qp_per_dim": [
      0.02044045484351908,
      0.030722788653746114,
      0.012194969856884778,
      0.058446127631991106,
      0.022840584749758204,
      0.007526889199316703,
      0.018162388653847117,
      0.0166392855734286
    ],
    "ks_stat_zprime": 0.0315434148733196,
    "ks_pval_zprime": 5.188585851871261e-35
  }
}