{
  "strategy": "random",
  "n_full": 8000,
  "n_subset": 2000,
  "removal_frac": 0.2,
  "divergence": {
    "mmd": 5.678774924688934e-05,
    "sliced_w2": 1.0006549336197461,
    "jsd": 0.0022393419272606747,
    "kl_pq": 0.009882631353419116,
    "kl_qp": 0.013528488006018888,
    "kl_sym": 0.011705559679719002,
    "w1_mean": 0.015998572259253704,
    "w2_mean": 1.0361886990027949,
    "w1_per_dim": [
      0.02102261782542337,
      0.013577273713075554,
      0.03264188814198132,
      0.008227738134970417,
      0.0076118445328902384,
      0.014837217760563364,
      0.019363258066470736,
      0.010706739898654633
    ],
    "w2_per_dim": [
      1.0913440766417837,
      0.8430853587955145,
      1.0966875484160985,
      1.0064448585406696,
      1.1501087006733326,
      0.9494658173339702,
      1.170975336020303,
      0.9813978956006857
    ],
    "kl_pq_per_dim": [
      0.012233461846976487,
      0.00888971437713056,
      0.011070523249653887,
      0.011713097936466814,
      0.010722220617262003,
      0.005811458434535812,
      0.010952593332931092,
      0.007667981032396267
    ],
    "kl_qp_per_dim": [
      0.01497711476951997,
      0.013106901831184297,
      0.015961303527469228,
      0.01663524848798924,
      0.015017195914030185,
      0.00734253951464467,
      0.013845187284787452,
      0.011342412718526066
    ],
    "mean_shift": 0.008851734921336174,
    "std_ratio": 0.9978955984115601
  },
  "correlation": {
    "pearson_per_dim": [
      0.007928184880940917,
      -0.022446561646281588,
      0.03696910839988503,
      -0.030383355230483175,
      0.02882973860865465,
      0.06334147720457561,
      -0.016614567240386912,
      -0.003335291006064833
    ],
    "pearson_mean_abs": 0.026231035527159087,
    "pearson_min": -0.030383355230483175,
    "cca": {
      "canonical_correlations": [
        0.1231339922832411,
        0.11375038427596072,
        0.08971461604219139,
        0.06486530980426997,
        0.051112803137814945,
        0.04042182630307417,
        0.02287863737527888,
        0.004057590955441483
      ],
      "mean_canonical_corr": 0.06374189502215907,
      "frac_above_half": 0.0,
      "n_components": 8
    },
    "mutual_information": 0.0,
    "sliced_w2_noise": 0.14411410325530838,
    "w1_noise_mean": 0.12487486019753852,
    "w2_noise_mean": 0.14450955358126852,
    "w1_noise_per_dim": [
      0.0961160664065974,
      0.2067022057004506,
      0.0762446314645349,
      0.22314060288196927,
      0.09022255540912737,
      0.04470652686569518,
      0.08953936759193311,
      0.1723269252600003
    ],
    "w2_noise_per_dim": [
      0.11238202860459676,
      0.21434164961345473,
      0.09282011907411217,
      0.2548571746938585,
      0.11173179050024556,
      0.07885344658829684,
      0.11059816656318201,
      0.18049205301240165
    ],
    "kl_noise_sym": 0.025932534574041526,
    "kl_noise_pq": 0.026070215711882155,
    "kl_noise_qp": 0.025794853436200898,
    "kl_noise_pq_per_dim": [
      0.021152889073022336,
      0.030676721475036167,
      0.022001847757960623,
      0.05297664296197535,
      0.02624535041585607,
      0.01317955813524753,
      0.02091657634772663,
      0.021412139528232538
    ],
    "kl_noise_qp_per_dim": [
      0.021125079612823835,
      0.035449038785939226,
      0.01698688148738281,
      0.06025709618738538,
      0.024722245508179287,
      0.008121039385545998,
      0.019027717933240363,
      0.0206697285891103
    ],
    "ks_stat_zprime": 0.030711828114514422,
    "ks_pval_zprime": 1.5180675867808913e-13
  }
}