{
  "strategy": "random",
  "n_full": 1000,
  "n_subset": 9000,
  "removal_frac": 0.9,
  "divergence": {
    "mmd": 0.0,
    "sliced_w2": 0.7844628427698024,
    "jsd": 0.004680855162942419,
    "kl_pq": 0.021230950073444832,
    "kl_qp": 0.01574031242318589,
    "kl_sym": 0.018485631248315357,
    "w1_mean": 0.013581756005655915,
    "w2_mean": 0.7463398781249226,
    "w1_per_dim": [
      0.012915354461894226,
      0.011560414774816095,
      0.014368548322663838,
      0.012310060497293503,
      0.016754401971611918
    ],
    "w2_per_dim": [
      0.5632447370461299,
      0.8877721387413178,
      1.0466210235295836,
      0.7937887378657602,
      0.4402727534418221
    ],
    "kl_pq_per_dim": [
      0.012173745134890734,
      0.03336251047159674,
      0.02938400975311107,
      0.018314506540115537,
      0.012919978467510085
    ],
    "kl_qp_per_dim": [
      0.009954658235104365,
      0.023030599807081442,
      0.01940745928764708,
      0.014332490536660235,
      0.011976354249436306
    ],
    "mean_shift": 0.008410433307290077,
    "std_ratio": 1.006282091140747
  },
  "correlation": {
    "pearson_per_dim": [
      -0.013365767337992478,
      0.013818988793251219,
      -0.0005843924911194343,
      0.002686103532675777,
      0.007188955255925434
    ],
    "pearson_mean_abs": 0.007528841482192869,
    "pearson_min": -0.013365767337992478,
    "cca": {
      "canonical_correlations": [
        0.03710833776944778,
        0.023925733990207063,
        0.01722544989535612,
        0.012414264051424437,
        0.007034877064667262
      ],
      "mean_canonical_corr": 0.019541732554220533,
      "frac_above_half": 0.0,
      "n_components": 5
    },
    "mutual_information": 0.0,
    "sliced_w2_noise": 0.2231509582444286,
    "w1_noise_mean": 0.18244963093908284,
    "w2_noise_mean": 0.2331891902919788,
    "w1_noise_per_dim": [
      0.21439021660534002,
      0.14851855175220408,
      0.13184527762004128,
      0.1486504740544333,
      0.2688436346633955
    ],
    "w2_noise_per_dim": [
      0.2640600610397986,
      0.20128722044180128,
      0.17598012368338797,
      0.18909667682992465,
      0.3355218694649816
    ],
    "kl_noise_sym": 0.08797682054254694,
    "kl_noise_pq": 0.10733157256047496,
    "kl_noise_qp": 0.06862206852461891,
    "kl_noise_pq_per_dim": [
      0.11701351833072493,
      0.06993789642275022,
      0.07473373151110695,
      0.06626276157158165,
      0.2087099549662111
    ],
    "kl_noise_qp_per_dim": [
      0.07546038937481056,
      0.049514172958572106,
      0.06120312334852631,
      0.04170406691305231,
      0.11522859002813325
    ],
    "ks_stat_zprime": 0.059561574932777,
    "ks_pval_zprime": 3.253753755766845e-139
  }
}