{
  "strategy": "state_region",
  "n_full": 7352,
  "n_subset": 2648,
  "removal_frac": 0.5,
  "divergence": {
    "mmd": 0.00015069227840192045,
    "sliced_w2": 0.7372011472361037,
    "jsd": 0.0019441662404171864,
    "kl_pq": 0.005609833263006499,
    "kl_qp": 0.00677698156757279,
    "kl_sym": 0.0061934074152896436,
    "w1_mean": 0.017939916055515363,
    "w2_mean": 0.8211314914003189,
    "w1_per_dim": [
      0.014433714423649643,
      0.009234285694692737,
      0.02111043914308134,
      0.03778792006698822,
      0.024124167312179277,
      0.01216883086615185,
      0.011289614935977396,
      0.013956340263189794,
      0.04588526979827289,
      0.024882004245432843,
      0.014315545362264438,
      0.012016403602046507,
      0.01289364594494284,
      0.0111930753978053,
      0.025023570661002546,
      0.032675047088962406,
      0.014358986457813356,
      0.011688656656954559,
      0.012408334933599573,
      0.010668502729448484,
      0.004623881581366646
    ],
    "w2_per_dim": [
      0.8154340445762697,
      0.8161794179434854,
      0.8019364829514651,
      0.8554504140732219,
      0.7812045147937886,
      0.9299010970717453,
      0.8370446022393918,
      0.8725651903463839,
      0.884042562804562,
      0.8244350813600833,
      0.7207723593697392,
      0.9430899078156242,
      0.8868855493139267,
      1.0568341208694751,
      0.8345620568626465,
      0.8308832228554481,
      0.8588678474144598,
      0.8105686044979498,
      0.6816494147395415,
      0.7169096962567463,
      0.48454513125074006
    ],
    "kl_pq_per_dim": [
      0.004618912510574639,
      0.004184739242512043,
      0.005927693174009995,
      0.006758306875718843,
      0.007988292311802894,
      0.007324544486920055,
      0.007918004524720407,
      0.004354078479985502,
      0.007435374087351877,
      0.004865752870005034,
      0.006229883366243778,
      0.004783047542868883,
      0.005041727060325013,
      0.007189906888859857,
      0.005627439876429219,
      0.005889887184171182,
      0.004766340218025751,
      0.004692067592042209,
      0.0046995475754495475,
      0.0038940055804798116,
      0.0036169470746399354
    ],
    "kl_qp_per_dim": [
      0.005008454815359699,
      0.005584849939960908,
      0.007583293216868327,
      0.008313904014824937,
      0.008980841397178821,
      0.009504643593292434,
      0.009495720003730338,
      0.005640276909268072,
      0.00929017081405355,
      0.005850850545485148,
      0.007292670207333641,
      0.005489248392697307,
      0.005748446151381131,
      0.008736515157278012,
      0.007181048605692457,
      0.006769947523043336,
      0.005473176167121393,
      0.005590000595573222,
      0.0055405913778981825,
      0.004672774459632688,
      0.0045691890313549624
    ],
    "mean_shift": 0.014467527158558369,
    "std_ratio": 0.9932711720466614
  },
  "correlation": {
    "pearson_per_dim": [
      -0.014919839777400697,
      0.011225394603520443,
      0.0141816525721567,
      -0.009887222952313524,
      -0.010295282848607262,
      0.010991766364897205,
      -0.006394042150596246,
      0.02376642249322945,
      0.005817324399357233,
      -0.014029215562550431,
      -0.0007943392235052295,
      -0.010977057784953809,
      0.01270631079565863,
      -0.014469774035683435,
      -0.008698746252212735,
      0.009098314937565674,
      -0.02729370506175459,
      -0.018950732769310044,
      -0.03233807423673086,
      -0.01584406070598118,
      -0.009349885290980428
    ],
    "pearson_mean_abs": 0.013429960229474559,
    "pearson_min": -0.03233807423673086,
    "cca": {
      "canonical_correlations": [
        0.15622735814016228,
        0.1463809076803944,
        0.1344863795401539,
        0.12287575517251872,
        0.11613535498491752,
        0.11289941886912716,
        0.10156149261126743,
        0.09533714382875812,
        0.08457596357606482,
        0.07439748323147087,
        0.07134356706704381,
        0.06543076671514907,
        0.06180318300949129,
        0.05144947844676091,
        0.03929937122232676,
        0.03503476557520091,
        0.023364320317956204,
        0.018487966982407487,
        0.014497321031577706,
        0.007264920191189864,
        0.0006108578342307505
      ],
      "mean_canonical_corr": 0.07302208457277,
      "frac_above_half": 0.0,
      "n_components": 21
    },
    "mutual_information": 0.0,
    "sliced_w2_noise": 0.12645332038446563,
    "w1_noise_mean": 0.10147102301140669,
    "w2_noise_mean": 0.11914876019576798,
    "w1_noise_per_dim": [
      0.03455839877834917,
      0.048617197349560284,
      0.12504115245018185,
      0.06214530700416759,
      0.10077748468451363,
      0.08055865660255189,
      0.25707270560797096,
      0.056137353645673044,
      0.1277142898350609,
      0.06443488002372857,
      0.05002022383023826,
      0.0824362931163205,
      0.0661993314103774,
      0.09147617941520436,
      0.13737097316285896,
      0.07796976502337488,
      0.045258887578153655,
      0.06051287830855213,
      0.22011007401952676,
      0.06909942771902952,
      0.2733800236741461
    ],
    "w2_noise_per_dim": [
      0.048191470555683846,
      0.06304933552583954,
      0.14185100936719944,
      0.07997569876798533,
      0.13133296278134185,
      0.09661324217603985,
      0.28012376749540185,
      0.08012161372160108,
      0.1518516852685403,
      0.07458984168866571,
      0.07348301918553449,
      0.10278066245428094,
      0.08602751970221906,
      0.11078607131654428,
      0.15514839810736433,
      0.08833463270769203,
      0.06381618035659715,
      0.08628978217887404,
      0.23067689872566285,
      0.07526732577210136,
      0.2818128462559583
    ],
    "kl_noise_sym": 0.02004366740939666,
    "kl_noise_pq": 0.021146041481371565,
    "kl_noise_qp": 0.01894129333742175,
    "kl_noise_pq_per_dim": [
      0.005202486056203366,
      0.008465350013361829,
      0.02459819044999766,
      0.009159726697827704,
      0.0336532900764861,
      0.010506479892953932,
      0.06315304634402669,
      0.009406360779701639,
      0.02700130798182782,
      0.01044789372884143,
      0.015897451642030193,
      0.016371880302640397,
      0.015123886388347631,
      0.023939724629855386,
      0.031551742321966864,
      0.010388702198128145,
      0.010879930446396218,
      0.013628462611496476,
      0.046144539090858805,
      0.0058422090376664265,
      0.05270421041818814
    ],
    "kl_noise_qp_per_dim": [
      0.005388527605197197,
      0.005659678676348265,
      0.019829059320948146,
      0.00899503171054432,
      0.029630357809319482,
      0.010065215556981671,
      0.06848326008890215,
      0.010217557130318898,
      0.021595389210960356,
      0.008907147026863294,
      0.007918172014617648,
      0.018405245249048442,
      0.010461861006133385,
      0.023345437451155325,
      0.023026175067615902,
      0.010366019563682105,
      0.008128203909694251,
      0.014776971370803475,
      0.039717911247888205,
      0.005435591025296525,
      0.04741434804353778
    ],
    "ks_stat_zprime": 0.025394196562257776,
    "ks_pval_zprime": 1.3868395552797137e-31
  }
}