{
  "strategy": "random",
  "n_full": 9000,
  "n_subset": 1000,
  "removal_frac": 0.1,
  "divergence": {
    "mmd": 0.0,
    "sliced_w2": 1.1489479846917994,
    "jsd": 0.004068690189815527,
    "kl_pq": 0.019930056894981788,
    "kl_qp": 0.03478488912884376,
    "kl_sym": 0.027357473011912777,
    "w1_mean": 0.021883884941865862,
    "w2_mean": 1.1027810207416984,
    "w1_per_dim": [
      0.022431090867664257,
      0.01132876923509563,
      0.011260123539612532,
      0.018494394470420148,
      0.018093750968058077,
      0.023363243138107167,
      0.02914548377568523,
      0.035718801737944075,
      0.020689375653319683,
      0.03662588308635168,
      0.016314275761600574,
      0.021540661898001825,
      0.01418783951139388,
      0.010799267765496752,
      0.03961182182204599,
      0.021601789807357517,
      0.012396288898049123,
      0.021220059736580064,
      0.030038833453578665,
      0.019172492650130546,
      0.02552733600268968
    ],
    "w2_per_dim": [
      1.1702507180326887,
      1.155560344266634,
      0.9896994761756787,
      1.0243316016302542,
      0.8434008726686877,
      1.2544771752267523,
      1.4664583146573342,
      1.0937445016526057,
      1.0686840748338153,
      1.1691388816824444,
      0.8741882960322634,
      1.2175025307224925,
      1.2962959316726648,
      1.333279127236823,
      0.960632773295141,
      1.1924797058529915,
      1.0952323616780695,
      1.3196995226680823,
      0.7794430873232477,
      0.918537048106015,
      0.9353650901609868
    ],
    "kl_pq_per_dim": [
      0.014509715764183036,
      0.012811755153744,
      0.018102054610363565,
      0.018391548395302007,
      0.021098793082338717,
      0.02235047510055449,
      0.03619817455639588,
      0.01567843446939228,
      0.022608412051457354,
      0.020173026800832536,
      0.015641058243622247,
      0.024920557985508903,
      0.0218709861839656,
      0.02714824244316779,
      0.023021860766182893,
      0.017772235065791845,
      0.01630498383877867,
      0.018951812749438815,
      0.015801294513633258,
      0.014948468192414476,
      0.020227304827549246
    ],
    "kl_qp_per_dim": [
      0.0253744799925391,
      0.02159690894386647,
      0.03243312405108364,
      0.03169633302908478,
      0.03769681336473661,
      0.03794423829464216,
      0.06449450739591764,
      0.025472923842217644,
      0.03756674630595023,
      0.0351689992184297,
      0.02614543330515889,
      0.0464122985594215,
      0.036481280455804344,
      0.047008155430801696,
      0.04058212952880305,
      0.03161181676800995,
      0.030739079671752205,
      0.03354252048961232,
      0.028095742309525194,
      0.027628757074071787,
      0.03279038367429011
    ],
    "mean_shift": 0.016773594543337822,
    "std_ratio": 1.0025931596755981
  },
  "correlation": {
    "pearson_per_dim": [
      -0.010990068586105928,
      0.016023406914413334,
      -0.07280605510269025,
      -0.007600177965609525,
      -0.04414425647393348,
      0.017621158622341627,
      0.0034246274537524115,
      0.017329523326123555,
      -0.05021575464522417,
      -0.007738851813723795,
      -0.01686785148683225,
      -0.009759630601956074,
      0.02071367802943804,
      -0.008489176804920177,
      -0.010978323646768528,
      0.001264856038422336,
      0.008091045172241493,
      -0.02403012234574779,
      -0.007150371433627034,
      -0.021919178131431204,
      -0.02820753295171666
    ],
    "pearson_mean_abs": 0.019303126073667604,
    "pearson_min": -0.07280605510269025,
    "cca": {
      "canonical_correlations": [
        0.265398153982783,
        0.2393576505815241,
        0.2327598229655939,
        0.222569704912056,
        0.20680851867770234,
        0.19131899031273492,
        0.1774337318270778,
        0.1706975078444114,
        0.14945040246412009,
        0.13661454445379237,
        0.1174759983755683,
        0.11110335983283258,
        0.10709470094182069,
        0.07315402441475373,
        0.0679678038732855,
        0.057080980179727674,
        0.04597065672264618,
        0.03577473528948896,
        0.03358120066669152,
        0.027552381293011713,
        0.008213671591214139
      ],
      "mean_canonical_corr": 0.12749421624775414,
      "frac_above_half": 0.0,
      "n_components": 21
    },
    "mutual_information": 0.0,
    "sliced_w2_noise": 0.1503600434591288,
    "w1_noise_mean": 0.11465969856204868,
    "w2_noise_mean": 0.13698629514915447,
    "w1_noise_per_dim": [
      0.057300585543649515,
      0.039367666673380874,
      0.0760344586459687,
      0.06776333067449741,
      0.11561610711435788,
      0.09316776807070709,
      0.26351140106946697,
      0.06270292793959381,
      0.09323053634644021,
      0.12226069926912897,
      0.048988659406546495,
      0.12602416817541234,
      0.07778506587810988,
      0.10481148747401314,
      0.0927108525398071,
      0.061084041195921604,
      0.0715586218959652,
      0.08257885528379119,
      0.2846442868134472,
      0.15001394107250962,
      0.31669820872030685
    ],
    "w2_noise_per_dim": [
      0.0783564022114818,
      0.051409795191064554,
      0.09257626906371152,
      0.0812734835425337,
      0.13942354538735416,
      0.10683438249874574,
      0.28621217731497267,
      0.10332542307795235,
      0.13648426156060112,
      0.14766582324521932,
      0.0658483077878148,
      0.16195890021912068,
      0.0909841947771889,
      0.1547763320503277,
      0.11867523472972809,
      0.087539621949493,
      0.08926000127465836,
      0.1051142965663019,
      0.2960843384534902,
      0.15849872906812068,
      0.3244106781623626
    ],
    "kl_noise_sym": 0.024546978094514078,
    "kl_noise_pq": 0.026843036970221574,
    "kl_noise_qp": 0.02225091921880658,
    "kl_noise_pq_per_dim": [
      0.008451125610886599,
      0.0029024464006075085,
      0.012212551317717119,
      0.009316717004523915,
      0.026222547163603564,
      0.010163611015463477,
      0.08224845764062869,
      0.023514988482925155,
      0.04076373205768165,
      0.016818080981387727,
      0.009463874001252745,
      0.03468313546397996,
      0.012954867263570303,
      0.07073077530786495,
      0.030196707247332276,
      0.01915106987630108,
      0.015508770924463199,
      0.014781065871012342,
      0.04575083554872174,
      0.017186965522929643,
      0.060681451671799544
    ],
    "kl_noise_qp_per_dim": [
      0.0077509941094871145,
      0.004647945191433495,
      0.01266232264133825,
      0.011378298468333485,
      0.024831895191130705,
      0.009609466324322434,
      0.07113051917117527,
      0.014826150063785855,
      0.02185181114587201,
      0.017076162174318635,
      0.011014334356585127,
      0.02543503661218852,
      0.012745167990748676,
      0.03810084842549012,
      0.01334340816119177,
      0.010749759146589648,
      0.01254210185399975,
      0.01918133313015546,
      0.049534060970985574,
      0.016416602590225336,
      0.062441085875581004
    ],
    "ks_stat_zprime": 0.029799502152750124,
    "ks_pval_zprime": 1.2352018787913217e-16
  }
}