{
  "strategy": "state_region",
  "n_full": 8042,
  "n_subset": 1958,
  "removal_frac": 0.4,
  "divergence": {
    "mmd": 0.0009887088302915625,
    "sliced_w2": 1.0108712383510428,
    "jsd": 0.002663997174100193,
    "kl_pq": 0.010623903795819078,
    "kl_qp": 0.014351655462820651,
    "kl_sym": 0.012487779629319865,
    "w1_mean": 0.023197625860585328,
    "w2_mean": 1.0499804242725457,
    "w1_per_dim": [
      0.017397136985816332,
      0.02123387874245649,
      0.022851765948520224,
      0.03644965225274464,
      0.026721771069934633,
      0.01379878084563764,
      0.034734339542137616,
      0.012393681497435053
    ],
    "w2_per_dim": [
      1.104353233333393,
      0.8583308720416896,
      1.114132694722349,
      1.0355848707057849,
      1.1388597376639804,
      0.953191272156214,
      1.1945768840206559,
      1.0008138295362976
    ],
    "kl_pq_per_dim": [
      0.012083731725927783,
      0.011179031042034972,
      0.01078193418095997,
      0.013651952173242943,
      0.011695950943758767,
      0.006782206897131366,
      0.01229530887359822,
      0.006521114529898606
    ],
    "kl_qp_per_dim": [
      0.015449490289798423,
      0.015099313970955187,
      0.01572190362526988,
      0.019005556640689415,
      0.015446766809251826,
      0.009755809890861795,
      0.015151217384604669,
      0.00918318509113401
    ],
    "mean_shift": 0.01931140199303627,
    "std_ratio": 0.9992834329605103
  },
  "correlation": {
    "pearson_per_dim": [
      0.01347883160235718,
      -0.00013803072035592262,
      0.019894991554886186,
      0.0055049645214322,
      0.01287190530939323,
      -0.002006975841239955,
      -0.06012445882809593,
      -0.019102160247198605
    ],
    "pearson_mean_abs": 0.0166402898281199,
    "pearson_min": -0.06012445882809593,
    "cca": {
      "canonical_correlations": [
        0.10665139891533656,
        0.07930738876325362,
        0.07132877649847255,
        0.062440817185623464,
        0.046865381140950346,
        0.02536663590506637,
        0.014757827548978178,
        0.006713456651174315
      ],
      "mean_canonical_corr": 0.05167896032610693,
      "frac_above_half": 0.0,
      "n_components": 8
    },
    "mutual_information": 0.0,
    "sliced_w2_noise": 0.12922215745216367,
    "w1_noise_mean": 0.11373193379456004,
    "w2_noise_mean": 0.13783572522752335,
    "w1_noise_per_dim": [
      0.07123379175691791,
      0.10712483103362802,
      0.07095799128543628,
      0.21702232586109738,
      0.09671386692795922,
      0.0708713428383565,
      0.09445217787954041,
      0.1814791427735445
    ],
    "w2_noise_per_dim": [
      0.09749490433825041,
      0.12269011241618856,
      0.09169570115784596,
      0.2531677983726607,
      0.12695047077150198,
      0.09653951417213157,
      0.12512336972641216,
      0.1890239308651955
    ],
    "kl_noise_sym": 0.023493063155548062,
    "kl_noise_pq": 0.024248265127682956,
    "kl_noise_qp": 0.02273786118341317,
    "kl_noise_pq_per_dim": [
      0.021857904530975542,
      0.01287676502513236,
      0.015031800867074691,
      0.04717214017624159,
      0.030728997957863612,
      0.013236061134990176,
      0.026042493252942195,
      0.02703995807624348
    ],
    "kl_noise_qp_per_dim": [
      0.016816947222004372,
      0.01339437881627109,
      0.012816700066306527,
      0.05108298741041037,
      0.027312733246524744,
      0.011750793064501653,
      0.02388163751674789,
      0.024846712124538733
    ],
    "ks_stat_zprime": 0.028175081216607695,
    "ks_pval_zprime": 3.094077924082723e-11
  }
}