{
  "strategy": "quality",
  "n_full": 9000,
  "n_subset": 1000,
  "removal_frac": 0.1,
  "divergence": {
    "mmd": 0.02929263596434284,
    "sliced_w2": 1.2539044433049717,
    "jsd": 0.013670344359010931,
    "kl_pq": 0.06136264250102286,
    "kl_qp": 0.07820312777461474,
    "kl_sym": 0.06978288513781881,
    "w1_mean": 0.13979147631730626,
    "w2_mean": 1.1652232682142893,
    "w1_per_dim": [
      0.04120154362244325,
      0.34646979890918983,
      0.08622938037006599,
      0.135517074150292,
      0.03384498651491271,
      0.20705747352876802,
      0.15149945866808087,
      0.11651209477469739
    ],
    "w2_per_dim": [
      1.151510014957445,
      1.206367319122879,
      1.19333788542956,
      1.1615248395703435,
      1.269264299739393,
      0.9683722183265692,
      1.1703129962032905,
      1.2010965723648352
    ],
    "kl_pq_per_dim": [
      0.0349691149571694,
      0.16827166554213607,
      0.03992274192448595,
      0.04871460668306876,
      0.027234380382600523,
      0.07134181303422678,
      0.04878005197828281,
      0.0516667655062126
    ],
    "kl_qp_per_dim": [
      0.047169332478333964,
      0.20670393252273228,
      0.045746599421971956,
      0.06243596858328346,
      0.04444994486082286,
      0.07405248752263782,
      0.062468930977386705,
      0.08259782582974903
    ],
    "mean_shift": 0.137821227312088,
    "std_ratio": 1.0123939514160156
  },
  "correlation": {
    "pearson_per_dim": [
      0.011938071228212685,
      0.0047179400904104885,
      0.016054710957405956,
      -0.02103242716029189,
      -0.025323876327887095,
      -0.011462921964396876,
      0.0030782794867701283,
      -0.009520832669196852
    ],
    "pearson_mean_abs": 0.012891132485571496,
    "pearson_min": -0.025323876327887095,
    "cca": {
      "canonical_correlations": [
        0.14531177266257278,
        0.11795793932227759,
        0.07898259014463702,
        0.06235574308433003,
        0.049475041993433035,
        0.035918306249888676,
        0.027736974103961483,
        0.007360540503436083
      ],
      "mean_canonical_corr": 0.06563736350806709,
      "frac_above_half": 0.0,
      "n_components": 8
    },
    "mutual_information": 0.0,
    "sliced_w2_noise": 0.17053873863647287,
    "w1_noise_mean": 0.14614231416720214,
    "w2_noise_mean": 0.1661810580584343,
    "w1_noise_per_dim": [
      0.08713620160007848,
      0.036752174914698114,
      0.11789109007408843,
      0.2376015166363213,
      0.11648973041935826,
      0.27425676747853867,
      0.0697277550805302,
      0.2292832771340036
    ],
    "w2_noise_per_dim": [
      0.11047729679184849,
      0.05515428844888066,
      0.15963129994228667,
      0.2480517587320092,
      0.1345112755424505,
      0.28919798773479466,
      0.0934130455386341,
      0.23901151173657012
    ],
    "kl_noise_sym": 0.029483188634461366,
    "kl_noise_pq": 0.03293299489514875,
    "kl_noise_qp": 0.026033382373773985,
    "kl_noise_pq_per_dim": [
      0.012809781013916263,
      0.0067275037956770235,
      0.046439136361404065,
      0.03658984533642509,
      0.02909693110415211,
      0.06641326775308391,
      0.025145185278118373,
      0.04024230851841315
    ],
    "kl_noise_qp_per_dim": [
      0.013330468467370585,
      0.004713467395183187,
      0.02414294794047287,
      0.03710749354973342,
      0.029239242201109163,
      0.045784698416878225,
      0.01546035167862302,
      0.03848838934082141
    ],
    "ks_stat_zprime": 0.030413043604939904,
    "ks_pval_zprime": 7.308792567538254e-07
  }
}