{
  "strategy": "quality",
  "n_full": 6000,
  "n_subset": 4000,
  "removal_frac": 0.4,
  "divergence": {
    "mmd": 0.00043794103472971635,
    "sliced_w2": 0.41802463513359545,
    "jsd": 0.0015933179160204165,
    "kl_pq": 0.002460450459027795,
    "kl_qp": 0.0025723632344401247,
    "kl_sym": 0.0025164068467339595,
    "w1_mean": 0.021065990592566475,
    "w2_mean": 0.4443872997509062,
    "w1_per_dim": [
      0.009803500957631817,
      0.025814075936873754,
      0.009482275172059115,
      0.016174034502745294,
      0.02304722608827675,
      0.03777178405605567,
      0.0072742399264049415,
      0.019028407121232396,
      0.03222819628290987,
      0.012925693341336834,
      0.010124432574802389,
      0.034260972365038465,
      0.03897770507849054,
      0.054699946681386794,
      0.015023564409736232,
      0.014136302264640108,
      0.017292029363879313,
      0.026049421689589507,
      0.009202697392669507,
      0.025684788930191035,
      0.003384508307945604
    ],
    "w2_per_dim": [
      0.389644078901165,
      0.42684644983320036,
      0.5137182395437491,
      0.48960248518530536,
      0.5219533651752977,
      0.3959617407469238,
      0.31144183487144517,
      0.4880766349741883,
      0.5793769402999738,
      0.4220141298786884,
      0.4943444279966675,
      0.5083922275658376,
      0.3356742253666312,
      0.5438816115119447,
      0.5643835299573687,
      0.4208101122176761,
      0.45843920224770096,
      0.37773663396475904,
      0.4722358889006885,
      0.40723262652020276,
      0.21036690910961572
    ],
    "kl_pq_per_dim": [
      0.0014512261883815915,
      0.0018458734524884508,
      0.0014319030048389695,
      0.0016414058117656663,
      0.002922324414750342,
      0.003309544426133182,
      0.0018517918827691531,
      0.0017198015715591767,
      0.004059869955533889,
      0.001211509095109033,
      0.0012627014510794739,
      0.0032253306280302582,
      0.006159508400036907,
      0.0038981599141183973,
      0.002963563205647517,
      0.002086169831175097,
      0.002209117518830666,
      0.00235079206155483,
      0.0019358378238155064,
      0.0032036457219761904,
      0.0009293832799894021
    ],
    "kl_qp_per_dim": [
      0.0015795365333273023,
      0.0018554532020096052,
      0.00148317926441229,
      0.0017211194523454511,
      0.0031783142794791714,
      0.0033308466365661628,
      0.0019728890269507023,
      0.0018314266926867835,
      0.004099074437278534,
      0.0012928763314371226,
      0.0013435844052265625,
      0.0033669784799414716,
      0.0067333170869691705,
      0.003997874162219042,
      0.0030021350695056542,
      0.0022266621082071675,
      0.0023495227212123604,
      0.0024649557614414945,
      0.0020783358111185453,
      0.0030937975025556244,
      0.001017748958352396
    ],
    "mean_shift": 0.018530765548348427,
    "std_ratio": 1.0003366470336914
  },
  "correlation": {
    "pearson_per_dim": [
      -0.019397019218190783,
      -0.018726793963097385,
      -0.002370012317770535,
      0.008475291198970494,
      -0.01145674672772616,
      -0.020626896727886982,
      0.008766273014805228,
      -5.5765443015333496e-05,
      0.008186003807238466,
      0.013506316799246661,
      -0.0032689125859724057,
      -0.011164227609835908,
      -0.0032773061970385615,
      0.0048718665513499265,
      0.0019359079463883227,
      -0.0008878769552488086,
      -0.023084266486983814,
      -0.01988133021740519,
      -0.012168018965124034,
      -0.006510259992864752,
      -0.027458855236345045
    ],
    "pearson_mean_abs": 0.010765521331547848,
    "pearson_min": -0.027458855236345045,
    "cca": {
      "canonical_correlations": [
        0.13005634996290955,
        0.11478806672682003,
        0.10971391454711467,
        0.10026206443701433,
        0.09826981055264616,
        0.09424567900351531,
        0.08165557708704846,
        0.07788971669347042,
        0.06762909786852572,
        0.05924693475491549,
        0.056146522242558665,
        0.05032586911314361,
        0.04591234575339659,
        0.03993014183043166,
        0.02737363125849132,
        0.025377803032070774,
        0.025141912563821495,
        0.013177630446625347,
        0.011786326916400199,
        0.005605618083653125,
        0.002846435018984885
      ],
      "mean_canonical_corr": 0.05892292609016942,
      "frac_above_half": 0.0,
      "n_components": 21
    },
    "mutual_information": 0.0,
    "sliced_w2_noise": 0.13146809493409414,
    "w1_noise_mean": 0.10806802423987322,
    "w2_noise_mean": 0.12508022639314945,
    "w1_noise_per_dim": [
      0.0461997372369442,
      0.05796218388473787,
      0.13002192576094967,
      0.07009702002939593,
      0.18628448735107667,
      0.061189158895373116,
      0.22650622927880068,
      0.07967267668597926,
      0.08566242735239576,
      0.06267312742002104,
      0.04910893935115018,
      0.07722723121481247,
      0.09548767524097457,
      0.10641244853351964,
      0.06078621322752221,
      0.06495126562496081,
      0.07101440452160022,
      0.09672259869372785,
      0.25212298752518836,
      0.13561140166034089,
      0.25371436954786625
    ],
    "w2_noise_per_dim": [
      0.059379278611482816,
      0.07107864249394005,
      0.13729949949168554,
      0.08971876782274049,
      0.2039105448705923,
      0.0872186798541494,
      0.24374878309433876,
      0.09810181300035817,
      0.11060399005907204,
      0.07297389575723359,
      0.0696823029976765,
      0.08727530535819725,
      0.11622920835868104,
      0.13979178692258254,
      0.08552507252634124,
      0.0814646892766699,
      0.0882044113774994,
      0.11241119445806437,
      0.2644063938272225,
      0.14677754801579054,
      0.2608829460818202
    ],
    "kl_noise_sym": 0.02071442236147797,
    "kl_noise_pq": 0.021246971215734545,
    "kl_noise_qp": 0.020181873507221386,
    "kl_noise_pq_per_dim": [
      0.007399952233829247,
      0.0091997157551615,
      0.018383409759602003,
      0.012487827292167554,
      0.030782615551201896,
      0.01318825728352997,
      0.05723370908163308,
      0.01823557878170004,
      0.021415963112641028,
      0.007359089516584741,
      0.010911801473261361,
      0.01653501814041666,
      0.018463470478305037,
      0.04000610640226991,
      0.017032985416924672,
      0.013042508140908626,
      0.013347957139893122,
      0.017400489661917335,
      0.04534237008258886,
      0.019162195576912695,
      0.03925537464897616
    ],
    "kl_noise_qp_per_dim": [
      0.006870475334646707,
      0.007930113494155216,
      0.01624314606209161,
      0.010667737575456889,
      0.03312480153255371,
      0.012030860078543966,
      0.05741856028896393,
      0.014941406505958618,
      0.018561449351260376,
      0.006819035366776652,
      0.009235615908812292,
      0.01785769752418956,
      0.017049866021486892,
      0.03423952591618475,
      0.013155280458023976,
      0.01192980413699642,
      0.011912791897353843,
      0.0178343120724135,
      0.049035249109403475,
      0.01664329345529557,
      0.0403183215610811
    ],
    "ks_stat_zprime": 0.026423961711217664,
    "ks_pval_zprime": 2.1979904726942528e-51
  }
}