{
  "strategy": "quality",
  "n_full": 6500,
  "n_subset": 3500,
  "removal_frac": 0.35,
  "divergence": {
    "mmd": 0.007173110606496946,
    "sliced_w2": 0.6307358177802116,
    "jsd": 0.0031178580605041696,
    "kl_pq": 0.010139740010247554,
    "kl_qp": 0.010875048568043085,
    "kl_sym": 0.010507394289145319,
    "w1_mean": 0.06267873123857182,
    "w2_mean": 0.6513091356718353,
    "w1_per_dim": [
      0.03597296148962291,
      0.11771438887414451,
      0.10040633765983673,
      0.04395976900799548,
      0.005581113701133611,
      0.07442454155115923,
      0.06079362065444322,
      0.06257711697023895
    ],
    "w2_per_dim": [
      0.8038677998358962,
      0.7389025706347309,
      0.5565157884454485,
      0.8208083827232593,
      0.7917143415314511,
      0.4675917577889812,
      0.6331914179843402,
      0.3978810264305752
    ],
    "kl_pq_per_dim": [
      0.006387973821415141,
      0.02225260306647528,
      0.013601661284054753,
      0.005751053939246256,
      0.0025619416945481368,
      0.00954873742299494,
      0.006906049863284684,
      0.014107898989961232
    ],
    "kl_qp_per_dim": [
      0.0065642808818826715,
      0.02492543952771145,
      0.01332694804138889,
      0.006065369403948421,
      0.0030116021185646606,
      0.00960462086487008,
      0.007307193045779294,
      0.01619493466019921
    ],
    "mean_shift": 0.060148872435092926,
    "std_ratio": 1.015006184577942
  },
  "correlation": {
    "pearson_per_dim": [
      0.02103805504439131,
      -0.0005115116082511959,
      0.02200591147500969,
      0.0027874480405859774,
      -0.005915890804878469,
      0.0019440349756794206,
      0.0016138287124948395,
      -0.010383981910560228
    ],
    "pearson_mean_abs": 0.008275082821481391,
    "pearson_min": -0.010383981910560228,
    "cca": {
      "canonical_correlations": [
        0.09403164771767601,
        0.07529398113379815,
        0.054235001134055355,
        0.026284756241430375,
        0.0174475528339964,
        0.012844463781289455,
        0.01104661605928204,
        0.005506255636881307
      ],
      "mean_canonical_corr": 0.03708628431730114,
      "frac_above_half": 0.0,
      "n_components": 8
    },
    "mutual_information": 0.0,
    "sliced_w2_noise": 0.1359854528487848,
    "w1_noise_mean": 0.12286225680779153,
    "w2_noise_mean": 0.13962810183114777,
    "w1_noise_per_dim": [
      0.07734109816992923,
      0.1440092122919076,
      0.05978416610377772,
      0.24916453273397982,
      0.09397289871677222,
      0.12628902480730492,
      0.06797652369974616,
      0.1643605979389145
    ],
    "w2_noise_per_dim": [
      0.09109592474724888,
      0.14867668146129176,
      0.08332495708284353,
      0.2756681674507505,
      0.11400450150644309,
      0.14106061689189367,
      0.09153963962884425,
      0.17165432587986634
    ],
    "kl_noise_sym": 0.024474257782982567,
    "kl_noise_pq": 0.025197338771745306,
    "kl_noise_qp": 0.023751176794219835,
    "kl_noise_pq_per_dim": [
      0.020168234680301676,
      0.015597011459591109,
      0.015339769794711453,
      0.05563928380793558,
      0.02653707286422989,
      0.024002863689344303,
      0.020942898978609393,
      0.023351574899239044
    ],
    "kl_noise_qp_per_dim": [
      0.017646874192554833,
      0.015195594014416627,
      0.01052035780810166,
      0.0639673315408192,
      0.025075004447262118,
      0.01650066414241053,
      0.017367894545318084,
      0.023735693662875625
    ],
    "ks_stat_zprime": 0.031716313806670116,
    "ks_pval_zprime": 6.637240660524223e-25
  }
}