{
  "strategy": "state_region",
  "n_full": 3778,
  "n_subset": 6222,
  "removal_frac": 0.8,
  "divergence": {
    "mmd": 0.0009284645847301709,
    "sliced_w2": 0.5353811458528529,
    "jsd": 0.0017103298549481748,
    "kl_pq": 0.002804181365424747,
    "kl_qp": 0.0026789244598947595,
    "kl_sym": 0.0027415529126597533,
    "w1_mean": 0.01848265442190933,
    "w2_mean": 0.5555547200941215,
    "w1_per_dim": [
      0.013950793581814122,
      0.01507948107675456,
      0.010443358925063755,
      0.06498515809312685,
      0.015387740831452027,
      0.007330615864870864,
      0.00955817450845966,
      0.011125912493732796
    ],
    "w2_per_dim": [
      0.6450118518702153,
      0.5734549849154946,
      0.5431396810774817,
      0.6397296484624998,
      0.6607604461272769,
      0.45039314617454207,
      0.5645026520759941,
      0.36744535004946793
    ],
    "kl_pq_per_dim": [
      0.0030585406685538358,
      0.0020404008833848457,
      0.002548616525092978,
      0.006311086750402824,
      0.002662418396922916,
      0.001230052723757837,
      0.0024364043746848713,
      0.002145930600597869
    ],
    "kl_qp_per_dim": [
      0.0028186762632457646,
      0.001976735076078243,
      0.0023415755169598797,
      0.006515408551308249,
      0.002565679570641209,
      0.0011116670835119213,
      0.00220302172324518,
      0.0018986318941676284
    ],
    "mean_shift": 0.014675036072731018,
    "std_ratio": 1.0050214529037476
  },
  "correlation": {
    "pearson_per_dim": [
      0.0053490997795698145,
      -0.010790493726030094,
      0.023314881339485255,
      -0.015172988538745115,
      0.003321060510219239,
      0.024560312756755864,
      -0.022195985248164928,
      -0.010372872194324742
    ],
    "pearson_mean_abs": 0.01438471176166188,
    "pearson_min": -0.022195985248164928,
    "cca": {
      "canonical_correlations": [
        0.06491049610697243,
        0.05534493935617829,
        0.0520458555528398,
        0.03884305469777673,
        0.027928013345466095,
        0.0161059006879723,
        0.015415015374899125,
        0.0036038317300918984
      ],
      "mean_canonical_corr": 0.034274638356524584,
      "frac_above_half": 0.0,
      "n_components": 8
    },
    "mutual_information": 0.0,
    "sliced_w2_noise": 0.13372005596358935,
    "w1_noise_mean": 0.12025928926304863,
    "w2_noise_mean": 0.1397398716422124,
    "w1_noise_per_dim": [
      0.07945115969640983,
      0.17018886729727714,
      0.07702204571888144,
      0.22070231481511499,
      0.09057118458883026,
      0.06093943758636152,
      0.08664953540772155,
      0.17654976899379216
    ],
    "w2_noise_per_dim": [
      0.09619156980500038,
      0.17850078860154972,
      0.09666594294101641,
      0.25384514293849464,
      0.10935966884591732,
      0.08638424292734205,
      0.11169310847638819,
      0.18527850860199063
    ],
    "kl_noise_sym": 0.02462875665376077,
    "kl_noise_pq": 0.024738213703911143,
    "kl_noise_qp": 0.0245192996036104,
    "kl_noise_pq_per_dim": [
      0.019593189213753852,
      0.022644974110466037,
      0.016871439210444993,
      0.04949981202346616,
      0.02777982852757521,
      0.011838561051429827,
      0.02388936273389182,
      0.025788542760261254
    ],
    "kl_noise_qp_per_dim": [
      0.019536566148947224,
      0.025154421207499958,
      0.015399777114127924,
      0.05577208800129853,
      0.026243808631393736,
      0.008332992660247111,
      0.021516350759888864,
      0.024198392305479856
    ],
    "ks_stat_zprime": 0.029590989443078947,
    "ks_pval_zprime": 2.6769617436058004e-38
  }
}