{
  "strategy": "random",
  "n_full": 9000,
  "n_subset": 1000,
  "removal_frac": 0.1,
  "divergence": {
    "mmd": 0.0,
    "sliced_w2": 1.2467606998388538,
    "jsd": 0.004339470693734352,
    "kl_pq": 0.021927046391242228,
    "kl_qp": 0.036707714549027784,
    "kl_sym": 0.029317380470135004,
    "w1_mean": 0.016375807537360947,
    "w2_mean": 1.1715899627623814,
    "w1_per_dim": [
      0.028435250561580895,
      0.018055518272332857,
      0.00768817453101898,
      0.012531000117202186,
      0.01932194919739333,
      0.02360172413605162,
      0.009071653608181,
      0.012301189875126718
    ],
    "w2_per_dim": [
      1.1699356458685783,
      0.9295982353427811,
      1.2721014114603655,
      1.0647804759333288,
      1.2353399790086417,
      1.1322121791003052,
      1.289133606068004,
      1.2796181693170463
    ],
    "kl_pq_per_dim": [
      0.026806617667587865,
      0.02037528747478951,
      0.021697709692050933,
      0.02658225987068867,
      0.026080550971119894,
      0.014064719556370571,
      0.024186605700608144,
      0.015622620196722245
    ],
    "kl_qp_per_dim": [
      0.03705631412793204,
      0.03860558525129204,
      0.03739829752027808,
      0.04500108691536306,
      0.04360577435192048,
      0.022601896074953554,
      0.041684073702651966,
      0.02770868844783102
    ],
    "mean_shift": 0.007627708371728659,
    "std_ratio": 0.998117208480835
  },
  "correlation": {
    "pearson_per_dim": [
      -0.0024014584734964807,
      -0.041482054135669494,
      0.026411060498343332,
      -0.0511110798133558,
      0.023072927434924683,
      0.051158889992208946,
      -0.036914841137803855,
      0.001081910848219483
    ],
    "pearson_mean_abs": 0.02920427779175276,
    "pearson_min": -0.0511110798133558,
    "cca": {
      "canonical_correlations": [
        0.1577256295131633,
        0.12185518050123399,
        0.10489621384228547,
        0.09372006931185806,
        0.057555602287976196,
        0.05237835848289448,
        0.023144342896999112,
        0.013339806724480773
      ],
      "mean_canonical_corr": 0.07807690044511142,
      "frac_above_half": 0.0,
      "n_components": 8
    },
    "mutual_information": 0.0,
    "sliced_w2_noise": 0.15976095034624693,
    "w1_noise_mean": 0.1385831110497038,
    "w2_noise_mean": 0.15980388193936285,
    "w1_noise_per_dim": [
      0.08715065501630306,
      0.23366755349119195,
      0.08022031931951643,
      0.22510213386600664,
      0.09474282454210337,
      0.10858232318656519,
      0.10113915253710004,
      0.17805992643884383
    ],
    "w2_noise_per_dim": [
      0.11152436823399102,
      0.2439024744702755,
      0.10443932175246866,
      0.26093917664282085,
      0.1305001273176969,
      0.12194417470018407,
      0.12036770571230303,
      0.18481370668516278
    ],
    "kl_noise_sym": 0.029211371778740974,
    "kl_noise_pq": 0.03014606197300821,
    "kl_noise_qp": 0.028276681584473738,
    "kl_noise_pq_per_dim": [
      0.020366020015324223,
      0.03692571579015514,
      0.01922536141994433,
      0.056110054119126396,
      0.04429995887397371,
      0.014863449000043022,
      0.02733868859290743,
      0.02203924797259143
    ],
    "kl_noise_qp_per_dim": [
      0.02088224375941401,
      0.048978734983584016,
      0.010155362527283688,
      0.05649449725827331,
      0.03189531940670551,
      0.01212653708165904,
      0.023897244996097036,
      0.02178351266277328
    ],
    "ks_stat_zprime": 0.03277197154811454,
    "ks_pval_zprime": 6.714791773485609e-08
  }
}